-- phpMyAdmin SQL Dump
-- version 4.7.7
-- https://www.phpmyadmin.net/
--
-- Host: localhost
-- 생성 시간: 18-03-18 15:52
-- 서버 버전: 10.1.30-MariaDB
-- PHP 버전: 5.6.33

SET SQL_MODE = "NO_AUTO_VALUE_ON_ZERO";
SET AUTOCOMMIT = 0;
START TRANSACTION;
SET time_zone = "+00:00";


/*!40101 SET @OLD_CHARACTER_SET_CLIENT=@@CHARACTER_SET_CLIENT */;
/*!40101 SET @OLD_CHARACTER_SET_RESULTS=@@CHARACTER_SET_RESULTS */;
/*!40101 SET @OLD_COLLATION_CONNECTION=@@COLLATION_CONNECTION */;
/*!40101 SET NAMES utf8mb4 */;

--
-- 데이터베이스: `yeonriji`
--

-- --------------------------------------------------------

--
-- 테이블 구조 `yeonriji_action_forward`
--

CREATE TABLE `yeonriji_action_forward` (
  `act` varchar(80) NOT NULL,
  `module` varchar(60) NOT NULL,
  `type` varchar(15) NOT NULL
) ENGINE=MyISAM DEFAULT CHARSET=utf8;

--
-- 테이블의 덤프 데이터 `yeonriji_action_forward`
--

INSERT INTO `yeonriji_action_forward` (`act`, `module`, `type`) VALUES
('rss', 'rss', 'view'),
('atom', 'rss', 'view'),
('IS', 'integration_search', 'view');

-- --------------------------------------------------------

--
-- 테이블 구조 `yeonriji_addons`
--

CREATE TABLE `yeonriji_addons` (
  `addon` varchar(250) NOT NULL,
  `is_used` char(1) NOT NULL DEFAULT 'Y',
  `is_used_m` char(1) NOT NULL DEFAULT 'N',
  `is_fixed` char(1) NOT NULL DEFAULT 'N',
  `extra_vars` text,
  `regdate` varchar(14) DEFAULT NULL
) ENGINE=MyISAM DEFAULT CHARSET=utf8;

-- --------------------------------------------------------

--
-- 테이블 구조 `yeonriji_addons_site`
--

CREATE TABLE `yeonriji_addons_site` (
  `site_srl` bigint(11) NOT NULL DEFAULT '0',
  `addon` varchar(250) NOT NULL,
  `is_used` char(1) NOT NULL DEFAULT 'Y',
  `is_used_m` char(1) NOT NULL DEFAULT 'N',
  `extra_vars` text,
  `regdate` varchar(14) DEFAULT NULL
) ENGINE=MyISAM DEFAULT CHARSET=utf8;

--
-- 테이블의 덤프 데이터 `yeonriji_addons_site`
--

INSERT INTO `yeonriji_addons_site` (`site_srl`, `addon`, `is_used`, `is_used_m`, `extra_vars`, `regdate`) VALUES
(0, 'autolink', 'Y', 'N', NULL, '20180226013240'),
(0, 'member_communication', 'Y', 'N', NULL, '20180226013240'),
(0, 'member_extra_info', 'Y', 'N', NULL, '20180226013240'),
(0, 'resize_image', 'Y', 'N', NULL, '20180226013240'),
(0, 'adminlogging', 'N', 'N', NULL, '20180226035634'),
(0, 'blogapi', 'N', 'N', NULL, '20180226035634'),
(0, 'captcha', 'N', 'N', NULL, '20180226035634'),
(0, 'captcha_member', 'N', 'N', NULL, '20180226035634'),
(0, 'counter', 'N', 'N', NULL, '20180226035634'),
(0, 'mobile', 'N', 'N', NULL, '20180226035634'),
(0, 'oembed', 'N', 'N', NULL, '20180226035634'),
(0, 'openid_delegation_id', 'N', 'N', NULL, '20180226035634'),
(0, 'point_level_icon', 'N', 'N', NULL, '20180226035634');

-- --------------------------------------------------------

--
-- 테이블 구조 `yeonriji_admin_favorite`
--

CREATE TABLE `yeonriji_admin_favorite` (
  `admin_favorite_srl` bigint(11) NOT NULL,
  `site_srl` bigint(11) DEFAULT '0',
  `module` varchar(80) DEFAULT NULL,
  `type` varchar(30) DEFAULT NULL
) ENGINE=MyISAM DEFAULT CHARSET=utf8;

-- --------------------------------------------------------

--
-- 테이블 구조 `yeonriji_admin_log`
--

CREATE TABLE `yeonriji_admin_log` (
  `ipaddress` varchar(100) NOT NULL,
  `regdate` varchar(14) DEFAULT NULL,
  `site_srl` bigint(11) DEFAULT '0',
  `module` varchar(100) DEFAULT NULL,
  `act` varchar(100) DEFAULT NULL,
  `request_vars` text
) ENGINE=MyISAM DEFAULT CHARSET=utf8;

-- --------------------------------------------------------

--
-- 테이블 구조 `yeonriji_ai_installed_packages`
--

CREATE TABLE `yeonriji_ai_installed_packages` (
  `package_srl` bigint(11) NOT NULL DEFAULT '0',
  `version` varchar(255) DEFAULT NULL,
  `current_version` varchar(255) DEFAULT NULL,
  `need_update` char(1) DEFAULT 'N'
) ENGINE=MyISAM DEFAULT CHARSET=utf8;

--
-- 테이블의 덤프 데이터 `yeonriji_ai_installed_packages`
--

INSERT INTO `yeonriji_ai_installed_packages` (`package_srl`, `version`, `current_version`, `need_update`) VALUES
(22753900, '1.0.1', '1.0.1', 'N'),
(22753354, '1.8.19', '1.9.0', 'N'),
(22716306, '1.1', '1.1', 'N'),
(22590697, '1.0.0', '1.0.0', 'N'),
(22450636, '1.2.1', '1.2.1', 'N'),
(20476783, '1.1a', '0.2', 'Y'),
(18910976, '0.1', '1.7', 'N'),
(19555903, '1.7.0', '1.7.0', 'N'),
(18745485, '5.0.0', '6.0.0', 'N'),
(18378362, '0.2', '1.7', 'N'),
(18325662, '1.9.6', '1.9.3', 'Y'),
(18324327, '0.1', '1.7', 'N'),
(18324266, '0.1', '1.7', 'N'),
(18324167, '1.7.1.1', '1.7.2', 'N');

-- --------------------------------------------------------

--
-- 테이블 구조 `yeonriji_ai_remote_categories`
--

CREATE TABLE `yeonriji_ai_remote_categories` (
  `category_srl` bigint(11) NOT NULL DEFAULT '0',
  `parent_srl` bigint(11) NOT NULL DEFAULT '0',
  `title` varchar(250) NOT NULL,
  `list_order` bigint(11) NOT NULL
) ENGINE=MyISAM DEFAULT CHARSET=utf8;

--
-- 테이블의 덤프 데이터 `yeonriji_ai_remote_categories`
--

INSERT INTO `yeonriji_ai_remote_categories` (`category_srl`, `parent_srl`, `title`, `list_order`) VALUES
(18322977, 18322919, '회원레벨 아이콘', 15),
(18904838, 18322919, '에디터 스타일', 14),
(18322952, 18322919, '위젯 스타일', 13),
(18322950, 18322919, '위젯 스킨', 12),
(18994170, 18322919, '모듈 모바일 스킨', 11),
(18994172, 18322919, '모바일 레이아웃', 9),
(18322943, 18322919, '모듈 스킨', 10),
(18322954, 18322919, '레이아웃', 8),
(18322919, 0, '스킨', 7),
(18322929, 18322917, '에디터컴포넌트', 5),
(18631347, 18322917, '단락에디터컴포넌트', 6),
(18322923, 18322917, '모듈', 2),
(18322925, 18322917, '애드온', 3),
(18322927, 18322917, '위젯', 4),
(18322907, 18322917, 'XE 코어', 1),
(18322917, 0, '프로그램', 0);

-- --------------------------------------------------------

--
-- 테이블 구조 `yeonriji_autoinstall_packages`
--

CREATE TABLE `yeonriji_autoinstall_packages` (
  `package_srl` bigint(11) NOT NULL DEFAULT '0',
  `category_srl` bigint(11) DEFAULT '0',
  `path` varchar(250) NOT NULL,
  `have_instance` char(1) NOT NULL DEFAULT 'N',
  `updatedate` varchar(14) DEFAULT NULL,
  `latest_item_srl` bigint(11) NOT NULL DEFAULT '0',
  `version` varchar(255) DEFAULT NULL
) ENGINE=MyISAM DEFAULT CHARSET=utf8;

--
-- 테이블의 덤프 데이터 `yeonriji_autoinstall_packages`
--

INSERT INTO `yeonriji_autoinstall_packages` (`package_srl`, `category_srl`, `path`, `have_instance`, `updatedate`, `latest_item_srl`, `version`) VALUES
(18324167, 18322923, './modules/board', 'N', '20180317074744', 21940502, '1.7.1.1'),
(18324168, 18322923, './modules/homepage', 'N', '20180317085735', 21854391, '1.7.0.1'),
(19514473, 18322943, './modules/issuetracker', 'N', '20180312163231', 19539420, '1.1.0'),
(18324171, 18322923, './modules/livexe', 'N', '20180317205741', 19624726, '0.6'),
(18324175, 18322923, './modules/material', 'N', '20180316125132', 18669818, '1.0'),
(18324186, 18322923, './modules/textyle', 'N', '20180317075058', 21795348, '1.7.0'),
(18324187, 18322923, './modules/textylehub', 'N', '20180318091253', 21795365, '1.7.0'),
(18324188, 18322923, './modules/planet', 'N', '20180318085855', 21015994, '0.1.4'),
(18324189, 18322923, './modules/referer_old', 'N', '20180315150429', 18325389, '0.15'),
(18324191, 18322923, './modules/resource', 'N', '20180318093304', 21854259, '1.7.0'),
(18324199, 18322923, './modules/tccommentnotify', 'N', '20180307024118', 18365815, '1.1.0'),
(18324210, 18322923, './modules/wiki', 'N', '20180318100012', 21985871, '1.7.0.1'),
(18324211, 18322943, './modules/board/skins/xe_board', 'N', '20180317141234', 18325569, '0.1'),
(18324212, 18322943, './modules/board/skins/xe_default', 'N', '20180317141404', 18325513, '0.1'),
(18324213, 18322943, './modules/editor/skins/dreditor', 'N', '20180316125138', 18865892, '1.3.0'),
(18324214, 18322943, './modules/editor/skins/fckeditor', 'N', '20180315164543', 18325501, '0.1'),
(18324221, 18322943, './modules/editor/skins/xquared', 'N', '20180318082023', 18325496, '0.1'),
(18324225, 18322943, './modules/textyle/skins/wordPressDefault', 'N', '20180307022320', 18325484, '0.1'),
(18324226, 18322925, './addons/keyword_link', 'N', '20180318082344', 18325653, '0.1'),
(18324227, 18322925, './addons/member_join_extend', 'N', '20180314224619', 18325647, '0.1'),
(18324228, 18322925, './addons/planet_bookmark', 'N', '20180307022925', 21017018, '0.1.1'),
(18324233, 18322925, './addons/planet_todo', 'N', '20180318101332', 21016986, '0.1.1'),
(18324241, 18322925, './addons/referer_old', 'N', '20180315150423', 18325632, '0.1'),
(18324247, 18322925, './addons/tccommentnotify', 'N', '20180312162220', 18365845, '1.0'),
(18324248, 18322925, './addons/wiki_link', 'N', '20180314130143', 21813902, '1.7.0'),
(18324261, 18322929, './modules/editor/components/cc_license', 'N', '20180214175818', 18325227, '0.1'),
(18324266, 18322929, './modules/editor/components/emoticon', 'N', '20180317201036', 18325232, '0.1'),
(18324273, 18322929, './modules/editor/components/quotation', 'N', '20180317210144', 18325248, '0.1'),
(18324292, 18322954, './layouts/cafeXE', 'N', '20180318081523', 21802168, '1.7.0'),
(18324297, 18322954, './layouts/ideation', 'N', '20180318104747', 18325198, '0.1'),
(18324299, 18322954, './layouts/xe_official_v2', 'N', '20180318083049', 20391868, '1.0'),
(18324320, 18322927, './widgets/archive_list', 'N', '20180318094501', 18325093, '0.1'),
(18324321, 18322927, './widgets/calendar', 'N', '20180318094312', 20591626, '0.2'),
(18324326, 18322927, './widgets/category', 'N', '20180316125125', 18325077, '0.1'),
(18324327, 18322927, './widgets/counter_status', 'N', '20180316152551', 18325071, '0.1'),
(18324328, 18322927, './widgets/DroArc_clock', 'N', '20180312160631', 18325065, '0.1'),
(18324330, 18322927, './widgets/forum', 'N', '20180318093740', 18325054, '0.1'),
(18324331, 18322927, './widgets/ideationBanner', 'N', '20180318084620', 18325042, '0.1'),
(18324332, 18322927, './widgets/ideationPopular', 'N', '20180318100758', 18325026, '0.1'),
(18324335, 18322927, './widgets/image_counter', 'N', '20180318083135', 19099243, '0.2'),
(18324336, 18322927, './widgets/logged_members', 'N', '20180316124909', 18325004, '0.1'),
(18324337, 18322927, './widgets/member_group', 'N', '20180318102632', 18324998, '0.1'),
(18324338, 18322927, './widgets/navigator', 'N', '20180317020713', 21801528, '1.7.0'),
(18324343, 18322927, './widgets/newest_comment', 'N', '20180312165458', 18324984, '0.1'),
(18324344, 18322927, './widgets/newest_document', 'N', '20180318090248', 20893807, '1.0'),
(18324345, 18322927, './widgets/newest_trackback', 'N', '20180307081005', 18324957, '0.1'),
(18324346, 18322927, './widgets/planet_document', 'N', '20180316183915', 18327255, '0.2'),
(18324348, 18322927, './widgets/rank_count', 'N', '20180312171234', 18324851, '1.5'),
(18324352, 18322927, './widgets/rank_point', 'N', '20180318051416', 18324818, '1.0'),
(18324353, 18322927, './widgets/rss_reader', 'N', '20180307150015', 18324791, '#7'),
(18324355, 18322927, './widgets/site_info', 'N', '20180316144551', 21801496, '1.7.0'),
(18324359, 18322927, './widgets/tab_newest_document', 'N', '20180318103159', 18324658, '0.1'),
(18324360, 18322927, './widgets/tag_list', 'N', '20180317023705', 18324768, '0.1'),
(18324361, 18322927, './widgets/webzine', 'N', '20180318090708', 18324711, '0.1'),
(18324362, 18322927, './widgets/xeBanner', 'N', '20180316120957', 18324697, '0.1'),
(18324391, 18322950, './widgets/content/skins/xeHome', 'N', '20180311172504', 18324681, '0.1'),
(18324395, 18322950, './widgets/tab_newest_document/skins/ideationTab', 'N', '20180313225409', 18324647, '0.1'),
(18324396, 18322952, './widgetstyles/colorbox', 'N', '20180209151903', 18324641, '0.1'),
(18324398, 18322952, './widgetstyles/memo', 'N', '20180314175511', 18324622, '0.1'),
(18324401, 18322952, './widgetstyles/postitWire', 'N', '20180312165411', 18324610, '0.1'),
(18324402, 18322952, './widgetstyles/roundFace', 'N', '20180318095608', 18324603, '0.1'),
(18324403, 18322952, './widgetstyles/roundWire', 'N', '20180312152322', 18324590, '0.1'),
(18324404, 18322952, './widgetstyles/simpleRound', 'N', '20180310043921', 18324575, '0.1'),
(18324405, 18322952, './widgetstyles/simpleSquare', 'N', '20180312165048', 18324565, '0.1'),
(18324406, 18322952, './widgetstyles/simpleTitle', 'N', '20180312154332', 18324546, '0.1'),
(18325662, 18322907, '.', 'N', '20180318100445', 22756034, '1.9.6'),
(18325755, 18322927, './widgets/popular_planet_document', 'N', '20180315193522', 18325772, '0.1'),
(18325790, 18322923, './modules/ad', 'N', '20180313144911', 19741760, '0.5.2'),
(18325803, 18322929, './modules/editor/components/code_highlighter', 'N', '20180318091959', 22754829, '1.4'),
(18325813, 18322925, './addons/tag_relation', 'N', '20180318091025', 22274979, '1.4.1'),
(18325941, 18322923, './modules/sms', 'N', '20180312172147', 18745231, '1.3.10'),
(18325946, 18322923, './modules/minishop', 'N', '20180313020858', 22754398, '1.3.2'),
(18325951, 18322925, './addons/sms_alert', 'N', '20180307041945', 18326173, '1.0'),
(18325952, 18322927, './widgets/sms', 'N', '20180312152824', 18326180, '1.1'),
(18325989, 18322929, './modules/editor/components/google_translate', 'N', '20180317224446', 18777700, '0.2'),
(18326005, 18322929, './modules/editor/components/textbox', 'N', '20180317210157', 18326938, '0.1'),
(18326011, 18322925, './addons/hidden_module', 'N', '20180312170903', 18337264, '0.3'),
(18326030, 18322923, './modules/statistics', 'N', '20180318095334', 18327023, '1.0.1b'),
(18326038, 18322925, './addons/statistics', 'N', '20180318111740', 18327083, '1.0.1b'),
(18326351, 18322925, './addons/remove_id_search', 'N', '20180312161309', 18326429, '1.0'),
(18326352, 18322925, './addons/guest_name', 'N', '20180313173212', 19010744, '1.1.2'),
(18326353, 18322925, './addons/write_limit', 'N', '20180317021555', 18637861, '1.2.1'),
(18326553, 18322954, './layouts/habile_layout', 'N', '20180318094813', 18330571, '1.3'),
(18327285, 18322954, './layouts/bcptwta', 'N', '20180307024007', 18328111, '1.0'),
(18327287, 18322950, './widgets/tag_list/skins/tagcloud', 'N', '20180318084258', 18328078, '1.0'),
(18327419, 18322954, './layouts/mh_simple', 'N', '20180307040318', 18327611, '1.1'),
(22245529, 18322977, './modules/point/icons/2sis_icon', 'N', '20180318090549', 22245577, '1'),
(18327462, 18322927, './widgets/gagachat', 'N', '20180316070701', 22555267, '3.7'),
(18327743, 18322954, './layouts/Treasurej_Heart_Note', 'N', '20180318081614', 19334770, '1.6'),
(18327995, 18322950, './widgets/counter_status/skins/miznkiz_simple_counter', 'N', '20180315114218', 18339071, '0.1'),
(18328243, 18322927, './widgets/CoolirisPlayer', 'N', '20180318090236', 18332482, '2.0'),
(18328356, 18322927, './widgets/newest_medias', 'N', '20180318091009', 18330464, 'v0.1'),
(18328672, 18322954, './layouts/PXE_leaflet_lite', 'N', '20180318083049', 18339574, '1.02 Final'),
(18328730, 18322950, './widgets/login_info/skins/treasurej_simple150px', 'N', '20180313221741', 18953730, '1.5.3'),
(18330288, 18322950, './widgets/login_info/skins/sleepless_simple', 'N', '20180307043050', 18332123, '1.0.0'),
(18330488, 18322927, './widgets/webzine/skins/LILY_GoodStyle', 'N', '20180315134423', 18333192, '1.0'),
(18330513, 18322950, './widgets/tag_list/skins/treasurej_tagcloud', 'N', '20180312202957', 18778301, '1.2'),
(18330814, 18322954, './layouts/messenger', 'N', '20180312171617', 18331384, 'Messenger_v0.1'),
(18331803, 18322943, './modules/board/skins/p_board_p', 'N', '20180306053938', 18845219, '3.2.0'),
(18334573, 18322952, './widgetstyles/webslice', 'N', '20180121212443', 18338237, '0.0.1'),
(18334938, 18322923, './modules/kin', 'N', '20180318102544', 21965762, '1.7.0'),
(18334979, 18322925, './addons/popup', 'N', '20180318094138', 18335423, '0.1'),
(18334980, 18322925, './addons/piclens', 'N', '20180312150055', 20168732, '1.5'),
(18334989, 18322925, './addons/func_include', 'N', '20180312164012', 18336654, 'v1.0'),
(18334990, 18322925, './addons/entry', 'N', '20180318082418', 18685479, '1.2'),
(18334996, 18322923, './modules/media', 'N', '20180307040121', 18336696, 'v0.1'),
(18335009, 18322927, './widgets/rnq_newest_document', 'N', '20180316200156', 18336745, '1.1.5'),
(18335021, 18322927, './widgets/division', 'N', '20180318085046', 20582119, '1.1'),
(18335028, 18322950, './widgets/login_info/skins/rnq_login', 'N', '20180307042841', 18337247, 'v0.2'),
(18335034, 18322950, './widgets/rnq_newest_document/skins/rnq_newest_integrate', 'N', '20180312165315', 18798607, '0.3.1'),
(18335040, 18322950, './widgets/rnq_newest_document/skins/rnq_newest_default', 'N', '20180310165310', 18798214, '0.3'),
(18335043, 18322923, './modules/nms', 'N', '20180312160239', 19520872, '0.9.0'),
(18335048, 18322927, './widgets/nms_info', 'N', '20180318085625', 18349106, '0.1.3'),
(18335090, 18322943, './modules/board/skins/xe_naradesign', 'N', '20180318091010', 18335100, '1.0'),
(18335281, 18322923, './modules/join_extend', 'N', '20180318090519', 18988537, '0.5.3.4'),
(18335356, 18322943, './modules/textyle/skins/corporate', 'N', '20180312151052', 18335357, '0.9'),
(18335369, 18322950, './widgets/content/skins/naradesign', 'N', '20180316190349', 18335372, '0.3'),
(18335382, 18322950, './widgets/login_info/skins/webmini', 'N', '20180215011405', 18336191, '3.1'),
(18337279, 18322950, './widgets/rnq_newest_document/skins/rnq_newest_notice', 'N', '20180307014004', 18798196, '0.3'),
(18338697, 18322925, './addons/uccup', 'N', '20180318092554', 18338747, 'v2.3'),
(18338699, 18322943, './modules/board/skins/xe_uccup', 'N', '20180318081313', 18338792, 'v2.3'),
(18342939, 18322925, './addons/comment_new', 'N', '20180310004457', 18670429, '1.1.1'),
(18346921, 18322927, './widgets/randomchat', 'N', '20180312152031', 18517236, '1.2'),
(18347510, 18322954, './layouts/aginet_official_v2', 'N', '20180312172258', 18575161, '2.0.7'),
(18351409, 18322923, './modules/zzz_menu_new', 'N', '20180315122808', 21832040, '1.7.0'),
(18354173, 18322952, './widgetstyles/sz_gradient', 'N', '20180318083822', 18354312, '0.1.0'),
(18354463, 18322977, './modules/point/icons/lv', 'N', '20180122193800', 19013505, '0.2'),
(18354979, 18322977, '/ modules / point / icons', 'N', '20180312150253', 18355002, 'SuddenAttack + 확장'),
(18357476, 18322954, './layouts/xe_sunooDMLg', 'N', '20180312152249', 19462033, '1.0'),
(18360610, 18322927, './widgets/flowing_pictures', 'N', '20180315200503', 18648791, '1.1.7'),
(18362403, 18322954, './layouts/xe_sunooDMRg', 'N', '20180307030136', 19462101, '1.0'),
(18366133, 18322943, './modules/join_extend/skins', 'N', '20180318085654', 18366143, '1'),
(18378357, 18322954, './layouts/xe_cafe', 'N', '20180316144710', 21803889, '1.7.0'),
(18378362, 18322950, './widgets/login_info/skins/default', 'N', '20180312165034', 20168245, '0.2'),
(18381054, 18322954, './layouts/naver_photo_style', 'N', '20180318102603', 18429470, '1.2.1'),
(18383233, 18322954, './layouts/Jungbok_layout_V3.0', 'N', '20180312161548', 18389790, 'V3.0'),
(18386463, 18322943, './modules/textyle/skins', 'N', '20180318101850', 19100013, '2.5'),
(18388093, 18322925, './addons/bekmeProhibite', 'N', '20180311005033', 18388181, '1.0'),
(18398352, 18322943, './modules/board/skins/xe_official_planner123', 'N', '20180318102748', 22755974, '5.4.1'),
(18399622, 18322977, './modules/poin/954', 'N', '20180312170703', 18404551, '1.0.1'),
(18409541, 18322954, './layouts/hankooktown2', 'N', '20180307022046', 19512809, '1.2.2'),
(18409634, 18322950, './widgets/login_info/skins/hk', 'N', '20180217142236', 18547214, '0.4'),
(18410867, 18322923, './modules/pointsend', 'N', '20180318091304', 22755279, '1.2.5.2'),
(18410868, 18322925, './addons/member_pointsend', 'N', '20180318011422', 21227458, '0.2.2'),
(18411910, 18322950, './widgets/newest_comment/skins', 'N', '20180312163119', 18413214, '1.0'),
(18414428, 18322954, './layouts/Gom-e.net_Hankooktown2_Layout', 'N', '20180318101812', 18445386, '1.0.7'),
(18419537, 18322954, './layouts/kindguyLayout(joins_200911_1)', 'N', '20180318103229', 18422597, 'v.200911'),
(18424676, 18322954, './layouts/gomenet_xe_official_v2', 'N', '20180215201115', 18426534, '1.0.1'),
(22753921, 18322954, './layouts/J_Smart', 'N', '20180317015635', 22755938, '1.1'),
(18432183, 18322954, './layouts/kindguyLayout(munhwa_200911_1)', 'N', '20180318090603', 18432699, 'v.200911'),
(18432187, 18322954, './layouts/kindguyLayout(munhwa_200911_2)', 'N', '20180307042202', 18432723, 'v.200911'),
(18435775, 18322927, './widgets/level_point', 'N', '20180314215915', 22595479, '1.0'),
(18447927, 18322954, './layouts/Gom2netLayoutEngland', 'N', '20180318081911', 18454140, '1.0.1'),
(18448761, 18322943, './modules/board/skins/xe_official_hancoma_title_skin', 'N', '20180318081440', 18461302, '0.2'),
(18454611, 18322954, './layouts/kindguyLayout(khan_200911_1)', 'N', '20180312155532', 18454709, 'v.200911'),
(18454629, 18322954, './layouts/kindguyLayout(khan_200911_2)', 'N', '20180317222509', 18454718, 'v.200911'),
(18459111, 18322925, './addons/addthis', 'N', '20180317121147', 18459913, '0.1'),
(18510031, 18322943, './modules/textyle/skins/zirho', 'N', '20180307032300', 18569108, '0.0.1'),
(18511514, 18322925, './addons/adult_keyword', 'N', '20180312151206', 22754386, '1.0'),
(18512505, 18322954, './layouts/kindguyLayout(BlueN_200912_1)', 'N', '20180307024107', 18516495, '200912'),
(18512506, 18322954, './layouts/kindguyLayout(BlueN_200912_2)', 'N', '20180318083655', 18516511, '200912'),
(18527888, 18322923, './modules/oneban', 'N', '20180312154402', 18529981, '1.0'),
(18536532, 18322952, './widgetstyles/xe_official', 'N', '20180318095551', 22755434, '1.1'),
(18539546, 18322925, './addons/addvote', 'N', '20180318100028', 21244042, '1.0'),
(18555205, 18322950, './widgets/counter_status/skins/sworld_counter', 'N', '20180315111052', 18591528, '0.1'),
(18555654, 18322952, './widgetstyles/tingenara', 'N', '20180318083409', 18557124, '1'),
(18561875, 18322923, './modules/smsontextyle', 'N', '20180228082920', 18569729, '1.0.1'),
(18561895, 18322927, './widgets/sms_textyle', 'N', '20180205234213', 18569743, '1.0.1'),
(18572882, 18322954, './layouts/xdom_v2', 'N', '20180318101345', 19595474, '2.5.2.4'),
(18572883, 18322950, './widgets/login_info/skins/xdom_login_v2', 'N', '20180318092455', 19051343, '2.3.1'),
(18577507, 18322927, './widgets/chat25', 'N', '20180312155115', 18587408, '0.0.1'),
(18579525, 18322950, './widgets/login_info/skins/tingenaralogin', 'N', '20180318090224', 18587232, '1'),
(18589320, 18322923, './modules/cashbook', 'N', '20180318095530', 19603368, '0.3.7'),
(18595500, 18322943, './modules/integration_search/skins/default_xgenesis', 'N', '20180312172012', 18596361, '0.1.1'),
(18595504, 18322954, './layouts/xe_official_v2_xgenesis', 'N', '20180312160532', 18596408, '0.1.1'),
(18595711, 18322943, './modules/communication/skins/name', 'N', '20180307033957', 18597241, '0.1'),
(18606308, 18322954, './layouts/elkha_fge', 'N', '20180312152339', 18657582, '1.2'),
(18606314, 18322954, './layouts/elkha_sky', 'N', '20180316093626', 19822870, '1.4.5'),
(18606318, 18322954, './layouts/paper_layer', 'N', '20180312164822', 18611976, '1.0'),
(18607436, 18322923, './modules/wizardxe', 'N', '20180316150401', 19150177, '0.0.6'),
(18607444, 18322927, './widgets/gallery_frame', 'N', '20180306104032', 18619741, '0.0.2'),
(18607471, 18322927, './widgets/bangbang_alltogether', 'N', '20180318084636', 18645219, '0.0.3'),
(18607483, 18322954, './layouts/zirho_layout', 'N', '20180318102835', 18645390, '0.0.3'),
(18610979, 18322923, './modules/msg_admin', 'N', '20180318001859', 18614159, '0.1'),
(18612951, 18322954, './layouts/elkha_simple', 'N', '20180304133751', 18633735, '1.1'),
(18617496, 18322943, './modules/textyle/skins/Viewfinder', 'N', '20180224211839', 18678663, '0.3'),
(18618046, 18322950, './widgets/counter_status/skins/tingenara', 'N', '20180318000303', 18620661, '1'),
(18621989, 18322923, './modules/gagafilemd5', 'N', '20180307041046', 18684166, '1.0'),
(18627986, 18322927, './widgets/banner_script', 'N', '20180316134818', 18634779, '0.1'),
(18631776, 18322950, './widgets/content/skins/official_board_style', 'N', '20180310164929', 18638860, '1.2'),
(18631835, 18322954, './layouts/kindguyLayout(201001_Kindguy4_1_xe1.3.1.2)', 'N', '20180318091210', 18634134, '201001'),
(18631838, 18322954, './layouts/kindguyLayout(201001_Kindguy4_2_xe1.3.1.2)', 'N', '20180318102301', 18634163, '201001'),
(18632016, 18322943, './modules/board/skins/faq', 'N', '20180315202510', 18636828, '1.3'),
(18634568, 18322927, './widgets/quick_menu', 'N', '20180318084841', 18638902, '0.1.0'),
(18634632, 18322927, './widgets/lnb_menu', 'N', '20180316222838', 20558937, '0.2.0'),
(18634838, 18322954, './layouts/vz_clear_blue', 'N', '20180318100335', 18635623, '0.2'),
(18635216, 18322950, './widgets/login_info/skins/xgenesis_login', 'N', '20180316234334', 18638870, '0.1.0'),
(18636930, 18322927, './widgets/MinionInXE', 'N', '20180318101141', 18835506, '1.4'),
(18637860, 18322954, './layouts/xgenesis_official', 'N', '20180317010225', 19516685, '0.2.2'),
(18640942, 18322923, './modules/pop_up', 'N', '20180318093435', 18646378, '0.0.4'),
(18640943, 18322925, './addons/pop_up', 'N', '20180318093459', 19149746, '0.0.8'),
(18642464, 18322954, './layouts/elkha_graystyle', 'N', '20180318094739', 22755700, '2.1'),
(18642836, 18322952, './widgetstyles/gray_style', 'N', '20180317075706', 18826509, '1.2.1'),
(18646646, 18631347, './modules/editor/skins/dreditor/drcomponents/iframe', 'N', '20180317233734', 18646655, '0.1'),
(18647145, 18322952, './widgetstyles/mo_colorline', 'N', '20180314065333', 18654291, '0.3'),
(18648969, 18322925, './addons/soo_for_muzik_player', 'N', '20180318103035', 19687129, '0.3.1'),
(18649607, 18322929, './modules/editor/components/jowrney_logmap', 'N', '20180307033627', 19533339, '0.4.0'),
(18649610, 18322950, './widgets/login_info/skins/2010_jowrney_release', 'N', '20180316161439', 18654744, '0.1.0'),
(18649613, 18322954, './layouts/2010_jowrney', 'N', '20180316081411', 19060126, '0.2.5'),
(18650492, 18322954, './layouts/elkha_sky2', 'N', '20180316102827', 18865308, '1.4.5'),
(18650580, 18322929, './modules/editor/components/soo_naver_bookinfo', 'N', '20180312164655', 19044122, '0.3.1'),
(18652557, 18631347, './modules/editor/skins/dreditor/drcomponents/code', 'N', '20180318081408', 18652761, '0.1'),
(18655593, 18322954, './xe/layouts', 'N', '20180318100841', 18667484, '1.0'),
(18662544, 18322954, './layouts/blooz_layout_ver3', 'N', '20180318092123', 18701665, '3.2'),
(18663182, 18322954, './layouts/shx_chameleon', 'N', '20180205141140', 18668568, '0.1.1'),
(18664319, 18322925, './addons/P3P', 'N', '20180310003755', 18668421, '1.0'),
(18666669, 18322923, './modules/stopsmoking', 'N', '20180312164641', 19493136, '0.2.2'),
(18669571, 18322977, './modules/point/icons/dark', 'N', '20180318083117', 18672429, '1.0'),
(18673912, 18322929, './modules/editor/components/soo_google_map', 'N', '20180318102759', 22231835, '0.9'),
(18677776, 18322954, './layouts/lay', 'N', '20180318083206', 18682153, '0.1'),
(18678675, 18322943, './modules/textyle/skins/Emplode', 'N', '20180224211834', 18700716, '0.6'),
(18679839, 18322929, './modules/editor/components/soo_naver_image', 'N', '20180312165508', 18690439, '1.0.2'),
(18681809, 18322925, './addons/age_restrictions', 'N', '20180312172540', 18687595, '1.0'),
(18682481, 18322925, './addons/soo_js_exif', 'N', '20180318103050', 18859459, '0.3.4'),
(18682907, 18322954, './layouts/ueo', 'N', '20180301003430', 19051858, '0.2'),
(18686122, 18322943, './modules/board/skins/elkha_xe_official', 'N', '20180318093332', 18687734, '1.0'),
(18697182, 18322927, './widgets/calendar_plannerXE123', 'N', '20180318082333', 22755976, '5.4.1'),
(18700386, 18322954, './layouts/koo', 'N', '20180307031856', 18707058, '0.1'),
(18703085, 18322954, './layouts/jimseung_nate', 'N', '20180201120742', 18705555, '1.0'),
(18703356, 18322954, './layouts/how', 'N', '20180307034523', 18707091, '0.1'),
(18705012, 18322954, './layouts/layoutSkin(kindguy5.1_xe1.4.0.5)', 'N', '20180318085922', 18708750, '201002'),
(18705013, 18322954, './layouts/layoutSkin(kindguy5.2_xe1.4.0.5)', 'N', '20180227054220', 18708767, '201002'),
(18706109, 18322954, './layouts/jimseung_biz', 'N', '20180312163313', 18711864, '0.1'),
(18706113, 18322954, './layouts/jimseung_simplesub', 'N', '20180315070620', 18709461, '1'),
(18712555, 18322954, './layouts/nom', 'N', '20180318085315', 18712759, '0.1'),
(18712640, 18322927, './widgets/JW_player', 'N', '20180312195344', 18712773, '1.0'),
(18714842, 18322954, './layouts/eond_portal_main_2col_right', 'N', '20180318103134', 21776053, '0.7'),
(18716138, 18322954, './layouts/bom', 'N', '20171230205804', 18722236, '0.1'),
(18716480, 18322954, './layouts/voo', 'N', '20180314232720', 18722243, '0.1'),
(19692912, 18322925, './addons/music24', 'N', '20180312152238', 19692913, '1.0.0'),
(18722759, 18322954, './layouts/xe_sunooEmLg', 'N', '20180130185524', 19462122, '1.0'),
(18730576, 18322929, './modules/editor/components/interpark_book_search', 'N', '20180312170221', 18740294, '0.1'),
(18731809, 18322943, './modules/board/skins/loser_guestbook', 'N', '20180318083658', 19235463, '0.1'),
(18735942, 18322954, './layouts/mediaOn', 'N', '20180307041432', 18746917, '1.02'),
(18739967, 18322950, 'widgets/content/skins/YGH_line', 'N', '20180318095301', 18741565, '0.1'),
(18745485, 18322923, './modules/syndication', 'N', '20180318095244', 22755525, '5.0.0'),
(18748689, 18322954, './layouts/daerew_v4_layout', 'N', '20180312161420', 18926143, '1.2'),
(18750254, 18322950, './widgets/login_info/skins/daerew_v4_login', 'N', '20180318083932', 18751630, '1.0'),
(18766685, 18322954, './layouts/elkha_graystyle2_lite', 'N', '20180318045227', 18844159, '1.0.3'),
(18766699, 18322943, './modules/board/skins/quiet_board', 'N', '20180318102717', 18766890, '2.3'),
(18766704, 18322925, './addons/member_layer_config', 'N', '20180312153621', 18766875, '1.1'),
(18773076, 18322923, './modules/blogshop', 'N', '20180318081826', 18920619, '1.1'),
(18773077, 18631347, './modules/editor/skins/dreditor/drcomponents/blogshop_writer', 'N', '20180318085824', 18920604, '1.1'),
(18775186, 18322950, 'xe/modules/member/skins/default', 'N', '20180311085754', 18784334, '0.2'),
(18777712, 18322925, './addons/add_document', 'N', '20180318092018', 18794485, '0.1.1'),
(18779239, 18322925, './addons/daumview_vote', 'N', '20180318102159', 18898435, '0.5.5'),
(18790298, 18322925, './addon/hellomaster', 'N', '20180227211509', 18794783, '1.0.0'),
(18790924, 18322954, './layouts/xe_sunooEmRg', 'N', '20180318084327', 19462147, '1.0'),
(18800584, 18322923, './modules/sboard', 'N', '20180315104711', 18878072, '2.1.0'),
(18802611, 18322950, './widgets/content/skins/daerew_webzine_notice', 'N', '20180318083511', 18810316, '1.0'),
(18802619, 18322950, './widgets/counter_status/skins/daerew_counter', 'N', '20180318091754', 19433478, '1.1'),
(18809955, 18322943, './modules/editor/skins/tinyMCE', 'N', '20180222170306', 18810260, '1.4'),
(18818977, 18322954, './layouts/blackcity', 'N', '20180313005834', 18832088, '1.0'),
(18827207, 18322950, './widgets/login_info/skins/git_login_simple', 'N', '20180312153503', 18993961, '2.0'),
(18832037, 18322954, './layouts/rom', 'N', '20180222211903', 18837238, '0.1'),
(18832352, 18322923, '/editer/skins', 'N', '20180318093215', 18838645, '1.0'),
(18835470, 18322927, './widgets/splanner', 'N', '20180313154443', 18878338, '0.3.0'),
(18846103, 18322954, './layouts/SORRENT_LAYOUT_RELEASE', 'N', '20180307014150', 18851320, '1.0'),
(18846109, 18322950, './widgets/login_info/skins/SORRENT_LOGIN', 'N', '20180317163904', 18851330, '1.0'),
(18849332, 18322954, './layouts/layout_skin(xenara1.1_xe1.4.0.10)', 'N', '20180318091632', 18853151, '201004'),
(18852198, 18322952, './widgetstyle', 'N', '20180307041345', 18853308, '1.0.0'),
(18853350, 18322925, './addons/member_join_captcha', 'N', '20180318102211', 18855317, '0.1.4'),
(18855088, 18322954, './layouts/elkha_dr4', 'N', '20180312190820', 19703575, '1.0.2'),
(18864982, 18322977, './modules/point/icons/cs_level', 'N', '20180312170034', 18866619, '0.1a'),
(18866481, 18322954, './layouts/Treasurej_Lifestyle', 'N', '20180307030520', 21971882, '1.1'),
(18867310, 18322923, './modules/project', 'N', '20180312161841', 21278683, '1.3.1'),
(18877427, 18322954, './layouts/Treasurej_Craftwork', 'N', '20180318102705', 19032188, '1.0.1'),
(18882151, 18322925, './addons/facebook_social', 'N', '20180318091053', 18882152, '0.1'),
(18900548, 18322954, './layouts/layout_skin(kindguy1.0_type1_xe1.4.1.1)', 'N', '20180130185634', 18901309, '201005'),
(18900551, 18322954, './layouts/layout_skin(kindguy1.1_type2_xe1.4.1.1)', 'N', '20180318083244', 18901322, '201005'),
(18904767, 18322977, './modules/point/icons/raycity_m', 'N', '20180312151644', 18908827, '0.1v'),
(18904819, 18322977, './modules/point/icons/raycity_f', 'N', '20180223142753', 18908837, '0.1v'),
(18905882, 18322923, './modules/loginlog', 'N', '20180318102410', 22756038, '1.4.3'),
(18910976, 18904838, './modules/editor/styles/dreditor', 'N', '20180307122931', 18910977, '0.1'),
(18915805, 18322943, './modules/textyle/skins/babyBlack', 'N', '20180224211828', 18918781, 'v0.1'),
(18917848, 18322954, './layouts/xeVector', 'N', '20180315191630', 18918526, '0.2'),
(22753922, 18322950, './widgets/content/skins/J_Smart', 'N', '20180317015635', 22755918, '1.0'),
(18929288, 18322954, './layouts/mcube', 'N', '20180223170951', 18957849, '0.2'),
(18929292, 18322923, './modules/mcubeimg', 'N', '20180318083023', 18983143, '0.3'),
(18939397, 18322950, './widgets/login_info/skins/kan_login', 'N', '20180312152901', 18948357, '0.1'),
(18943118, 18322943, './modules/bodex/skins', 'N', '20180312164906', 18953950, '완성버전'),
(18953963, 18322943, './modules/board/skins/xe_official_sky', 'N', '20180318090957', 18971884, '1.2'),
(18956310, 18322923, './modules/iconshop', 'N', '20180318092848', 18999633, '0.4'),
(18956315, 18322925, './addons/member_icon_print', 'N', '20180313162444', 18968140, '0.3'),
(18957505, 18322927, './widgets/cu3er', 'N', '20180312150727', 18983161, '0.2'),
(18959079, 18322954, './layouts/layoutskin_wave_blue', 'N', '20180318101604', 21382225, '1.1.0'),
(18968288, 18322954, './layouts/kinesis_sitelist', 'N', '20180307030646', 19348039, '0.1.1'),
(18975451, 18322954, './layouts/layout_skin(kindguy5.0_type2_xe1.4.1.1)', 'N', '20180303213909', 18981166, '201006'),
(18975452, 18322954, './layouts/layout_skin(kindguy5.1_type2_xe1.4.1.1)', 'N', '20180116212126', 18981176, '201006'),
(18980346, 18322943, './modules/board/skins/sejin7940_board', 'N', '20180318101406', 20120497, '3.7'),
(18982154, 18322925, './addons/addfooter', 'N', '20180303204253', 18983942, '0.2'),
(18982156, 18322925, './addons/additional_mid', 'N', '20180318090353', 18983989, '0.2'),
(18982164, 18322925, './addons/header_editor', 'N', '20180312190310', 18984012, '0.3'),
(18982175, 18322925, './addons/id_rejection', 'N', '20180301180437', 18984037, '0.2'),
(18982191, 18322925, './addons/meta_add', 'N', '20180318094340', 19814958, '0.2.2'),
(18982192, 18322925, './addons/q_emphasis', 'N', '20180318090810', 18984109, '0.1'),
(18982195, 18322925, './addons/soo_add_content', 'N', '20180317232501', 22755412, '0.6a'),
(18982196, 18322925, './addons/soo_autolang', 'N', '20180315030250', 19687115, '1.0.3'),
(18982221, 18322925, './addons/soo_parking', 'N', '20180318065332', 22755425, '0.25'),
(18990092, 18322925, './addons/IEblock', 'N', '20180225141111', 18993329, '0.1'),
(18990133, 18322925, './addons/referercheck', 'N', '20180315093944', 19009627, '2.1'),
(18990588, 18322925, './addons/soo_mcrblog_link', 'N', '20180318103020', 21924371, '1.2.14'),
(18994748, 18904838, './modules/editor/components/emoticon/tpl/images/pink', 'N', '20180314175651', 18995710, '1.0'),
(18995899, 18322952, './widgetstyles/sorrent_simplebox', 'N', '20180312170841', 18998803, '0.1'),
(18997142, 18322977, './modules/point/icons/300', 'N', '20180315135506', 18998204, '1.0'),
(18997930, 18322923, './modules/coupon', 'N', '20180318011239', 21627586, '1.0'),
(18998734, 18994172, './m.layouts/naverstyle', 'N', '20180316155221', 19000655, '1.0'),
(18999302, 18322950, './widgets/login_info/skins/kan_login_v2', 'N', '20180312160412', 19002080, '0.1'),
(19009872, 18904838, './modules/editor/components/emoticon/tpl/images/congcon', 'N', '20180318085217', 19010544, '1.0'),
(19015265, 18322977, './modules/point/icons/cool', 'N', '20180318091242', 19026346, '0.1v'),
(19015269, 18322977, './modules/point/icons/CA_L_Mark', 'N', '20180315055622', 19026360, '0.1v'),
(19018202, 18322943, './modules/board/skins/simple_blue', 'N', '20180307031809', 19023717, '1.0'),
(19020313, 18322943, './modules/board/skins/pastel_light_purple', 'N', '20180314065256', 19028626, '1.0'),
(19024107, 18322923, './modules/lottery', 'N', '20180314112756', 19027139, '0.1'),
(19027281, 18322950, './widgets/attendance_check/skins/sky_next_line', 'N', '20180318102613', 19029151, '1'),
(19030767, 18322950, './widgets/tab_newest_document/skins/tab_sky', 'N', '20180315231709', 19039476, '0.2'),
(19030768, 18322943, './modules/attendance/skins/sky_at_board', 'N', '20180314094035', 19038444, '1'),
(19031365, 18322954, './layouts/elkha_neutral', 'N', '20180318093910', 20692034, '0.5'),
(19032971, 18322954, './layouts/Treasurej_Craftwork_C', 'N', '20180318093237', 19038047, '1.0.1'),
(19034752, 18322954, './layouts/elkha_x610', 'N', '20180307043029', 19072093, '0.1'),
(19044000, 18322954, './layouts/kom', 'N', '20180316223658', 19050135, '1.0'),
(19044001, 18322950, './widgets/login_info/skins/tingenara', 'N', '20180318081227', 19050124, '1.0'),
(19049200, 18322925, './addons/domain_check', 'N', '20180318085746', 19050476, '0.2'),
(19050369, 18322954, './layouts/crom_fixy_layout_private', 'N', '20180318085940', 19053826, '1.0'),
(19051939, 18322954, './layouts/zom', 'N', '20180308134717', 19087062, '0.2'),
(19056755, 18994170, './modules/board/m.skins/xe_official_planner123', 'N', '20180318103257', 22755975, '5.4.1'),
(19060125, 18994172, './m.layouts/2010_jowrney_mobile', 'N', '20180316230903', 19063585, '0.1.3'),
(19060827, 18322954, './layouts/xom', 'N', '20180316222835', 19092257, '0.2'),
(19064264, 18322977, './modules/point/icons/getam', 'N', '20180306073931', 19064959, '0.1a'),
(19064410, 18322977, './modules/point/icons/simple_TS', 'N', '20180318085810', 19064414, '1.0'),
(19068106, 18322977, './modules/point/icons/nova2', 'N', '20180220093827', 19068107, '0.1a'),
(19069946, 18322925, './addons/cookie-free_domains', 'N', '20180224144713', 19070012, '1.0'),
(19071245, 18322950, './widgets/point_status/skins/cloverworld_skin', 'N', '20180211041622', 19071386, '1.0.0.0'),
(19073125, 18322954, './layouts/fsfsdas_neutral', 'N', '20180315091220', 19848942, '0.4.4'),
(19073195, 18322923, './modules/krzip_popup', 'N', '20180318094042', 19073196, '0.1'),
(19073227, 18322943, './modules/member/skins/default_krzip', 'N', '20180311204549', 19073228, '0.1'),
(19076083, 18322927, './widgets/sayradio', 'N', '20180312161016', 19077336, '1.0.1'),
(19077792, 18322927, './widgets/twitter_follow', 'N', '20180219033432', 19077793, '1.0'),
(19080637, 18322950, './widgets/rank_point/skins/elkha', 'N', '20180318095009', 19080640, '0.1'),
(19081557, 18322950, './widgets/newest_document/skins/layoutskin_webzine_v2', 'N', '20180318091903', 21596748, '1.2'),
(19081914, 18322925, './addons/tweet_button', 'N', '20180307021137', 19083524, '0.1'),
(21127741, 18322927, './widgets/contentextended', 'N', '20180318095238', 21189359, '2.45'),
(19088764, 18322954, './layouts/crom_black_box_layout', 'N', '20180307025220', 19089573, '1.0'),
(19090619, 18322954, './layouts/nabul2_milate_8T', 'N', '20180307042004', 19092504, '2.0'),
(19097462, 18322954, './layouts/pb', 'N', '20180312154253', 19125110, '1.2'),
(19098862, 18322954, './layouts/crom_groove_eco_private', 'N', '20180307031247', 19099350, '1.0'),
(19099015, 18322954, './layouts/ure', 'N', '20180313090931', 19099016, '0.1'),
(19100570, 18322954, './layouts/PXE_koi', 'N', '20180316113623', 19504533, '1.0.1'),
(19109313, 18322927, './widgets/content_specificdoc', 'N', '20180316195016', 19109314, '0.2'),
(19116278, 18322954, './layouts/modern_line', 'N', '20180318081246', 19135412, '1.0'),
(19122280, 18322952, './widgets/widgetstyles', 'N', '20180313222549', 19122812, '1.0.0'),
(19125571, 18322943, './moudles/board/skins', 'N', '20180312153425', 19128667, 'v2'),
(19130198, 18322923, './modules/analytics', 'N', '20180318081123', 22755256, '1.0.1'),
(19130808, 18322927, './widgets/analytics_flash_counter', 'N', '20180318092345', 19157494, '0.2'),
(19133209, 18322927, './widgets/newest_document_category', 'N', '20180318102028', 19134377, '0.1'),
(19133654, 18322954, './layouts/Rebirth_A', 'N', '20180318092947', 19224091, '1.1.2'),
(19135133, 18322954, './layouts/seven', 'N', '20180312151707', 19955250, '1.2'),
(19135768, 18322950, './widgets/newest_document/skins/factory_basic_2', 'N', '20180307024149', 19135769, '2.0'),
(19136412, 18322950, './widgets/newest_comment/skins/factory_basic_2', 'N', '20180318093511', 19136413, '2.0'),
(19137447, 18322925, './addons/rainbow_link', 'N', '20180318084609', 19431548, '0.3'),
(19138636, 18322954, './layouts/xenoriter_simple', 'N', '20180304103835', 19138637, '1.0'),
(19141813, 18322950, './widgets/webzine/skins', 'N', '20180312140258', 19141814, '1.0'),
(19145884, 18322925, './addons/always_follower', 'N', '20180318102428', 19503998, '1.1'),
(19157569, 18322925, './addons/google_analytics', 'N', '20180318082825', 19157571, '1.0.0'),
(19178969, 18322954, './layouts/xe_official_v2_TmaKing', 'N', '20180315033007', 19186638, '0.1.1'),
(19182698, 18322943, './modules/board/skins/new_faq', 'N', '20180318101038', 20467493, '2.1'),
(19187623, 18322925, './addons/refhide', 'N', '20180307023622', 19191147, '0.1.1'),
(19197538, 18322950, './modules/editor/skins/webhard', 'N', '20180307020448', 19291157, '0.2'),
(19197549, 18322943, './modules/board/skins/webhard', 'N', '20180318093753', 19291163, '0.2'),
(19201015, 18322954, './layouts/kinesis_cs01f', 'N', '20180307042332', 19201021, '1.0.1'),
(19201082, 18322923, './modules/mail_m9', 'N', '20180312161535', 19201083, '0.1'),
(19202124, 18322923, './modules/lunar', 'N', '20180311073849', 19213083, '0.1.1'),
(19202128, 18322943, './modules/member/skins/default(lunar)', 'N', '20180318081009', 19467792, '0.3'),
(19202617, 18322954, './layouts/gom2net_layout', 'N', '20180312162842', 19204527, '1.0.2'),
(19202629, 18322925, './addons/webfontface', 'N', '20180311155000', 19206513, '0.1'),
(19208301, 18322927, './widgets/coinslider', 'N', '20180316054310', 20182294, '1.5'),
(19212262, 18322923, './modules/lucene', 'N', '20180318100621', 19315303, '1.2'),
(19213125, 18322927, './widgets/solarlunar', 'N', '20180307022457', 19213126, '0.1'),
(19218468, 18322927, './widgets/birthday', 'N', '20180224022609', 19218473, '0.1'),
(19219093, 18322954, './layouts/kia', 'N', '20180318090405', 19219094, '0.1'),
(19219428, 18322927, './widgets/srchat', 'N', '20180318102328', 22754692, '219.48'),
(19226818, 18322954, './layouts/gom2net_2nd_layout', 'N', '20180318080747', 19273763, '2.0.6'),
(21344825, 18322977, './modules/point/icons/level', 'N', '20180312164742', 21360732, '2.0'),
(19230703, 18322954, './layouts/eond_official', 'N', '20180312153809', 21382865, '1.4.1'),
(19231437, 18322950, './widgets/planet_document/skins/eond', 'N', '20180318094413', 19283934, '1.0'),
(19231709, 18322952, './widgetstyles/eond_webzine', 'N', '20180318102632', 19231710, '0.2'),
(19231756, 18322952, './widgetstyles/eond_doubleline', 'N', '20180307031830', 19231762, '0.1'),
(19232784, 18322954, './layouts/nabul2_Wishful', 'N', '20180223171027', 19232785, '1.0'),
(19234197, 18322954, './layouts/eond_mynote', 'N', '20180318094951', 21723208, '1.4.4'),
(19235403, 18322943, './modules/board/skins/eond_board', 'N', '20180318100236', 19235419, '0.2'),
(19235552, 18322950, './widgets/login_info/skins/eond_mynote', 'N', '20180312172504', 21651021, '0.8'),
(19235579, 18322950, './widgets/counter_status/skins/mynote', 'N', '20180312161239', 19252856, '0.1'),
(19248816, 18322954, './layouts/xe_official_v2_Toyou', 'N', '20180316223631', 19258583, 'c'),
(19260194, 18322927, './widgets/contentslider', 'N', '20180318054422', 20199435, '2.1.1'),
(19270268, 18322950, './widgets/bgw_menu/skins/naradesign', 'N', '20180318081455', 19270269, '0.1'),
(19271512, 18322950, './widgets/point_status/skins/eond_official_login', 'N', '20180312162209', 19271513, '0.1'),
(19274574, 18322925, './addons/a_soo_wikidoc_pointfixer', 'N', '20180312153206', 19274579, '1'),
(19280154, 18322954, './layouts/kinesis_pl001f', 'N', '20180307023335', 19280155, '1.0'),
(19283251, 18322954, './layouts/gom2net_3rd_layout', 'N', '20180219172718', 19283257, '3.0.1'),
(19285120, 18322943, './modules/board/skins/win_guestbook', 'N', '20180318102952', 19295125, '0.5'),
(19293487, 18322925, './addons/soo_mobile_top', 'N', '20180318102144', 20892008, '3'),
(19299608, 18322977, './modules/point/icons/ToYou_level', 'N', '20180315032346', 19299609, 'ToYou_level_icon v1.'),
(19302110, 18322954, './layouts/gardenoforchids', 'N', '20180207041509', 19302111, '1.0'),
(19306395, 18322925, './addons/shortcut', 'N', '20180313054125', 19306492, '0.9.9.2'),
(19306873, 18904838, './modules/editor/components/emoticon/tpl/images/hicon', 'N', '20180317220748', 19310220, '1.0.0'),
(19310933, 18322927, './widgets/xclient', 'N', '20180318095346', 19660872, '1.2.0'),
(19320728, 18322954, './layouts/darkdream', 'N', '20180318101649', 19320733, '1.0'),
(19322818, 18322954, './layouts/darkgrid', 'N', '20180318094301', 19322819, '1.0'),
(19323693, 18322923, './modules/antiaccess', 'N', '20180318090158', 20181898, '1.0.3.1'),
(19325680, 18322923, './modules/pipingxe', 'N', '20180307083722', 19546936, '1.0.5'),
(22753439, 18322927, './widgets/tocplus', 'N', '20180318093435', 22754373, '0.3'),
(19330741, 18322950, './widgets/tab_newest_document/skins/colorful', 'N', '20180312172132', 19330742, '1.0'),
(19336589, 18322925, './addons/soo_block_UA', 'N', '20180224144256', 19336590, '0.1'),
(19340331, 18322954, './layouts/CN_No1', 'N', '20180318100124', 19344956, '1.0.1'),
(19344633, 18322943, './modules/member/skins', 'N', '20180316112432', 19349355, '1.0.0'),
(19346257, 18322927, './widgets/googlesearch', 'N', '20180219033326', 19349099, '1.0.1'),
(19348911, 18322943, './modules/board/skins/simpleborder_guestbook', 'N', '20180318085329', 19356183, '1.2'),
(19349000, 18322943, './modules/board/skins/xe_board_extended', 'N', '20180316223412', 19349001, '1.0'),
(19351727, 18322954, './layouts/crom_eco', 'N', '20180318080649', 19351728, '1.0'),
(19353209, 18322950, './widgets/tab_newest_document/skins/tab_flash', 'N', '20180318085247', 19353210, '1.0'),
(19355038, 18322950, './widgets/googlesearch/skin/multi_box', 'N', '20180318090927', 19355039, '1.0'),
(19355511, 18904838, './modules/editor/skins/simple_editor', 'N', '20180314105908', 19355526, '1.0'),
(19355521, 18322950, './widgets/googlesearch/skin/translate', 'N', '20180316014829', 19355602, '1.0'),
(19360170, 18322954, './layouts/layout_skin(xenara_v1.0_type1_xe1.4.4.1)', 'N', '20180307035913', 19360187, '201010'),
(19360171, 18322954, './layouts/layout_skin(xenara_v1.1_type3_xe1.4.4.1)', 'N', '20180307022017', 19360205, '201010'),
(19426823, 18322943, './modules/poll/skins/clevis_poll', 'N', '20180318103501', 19440072, '0.3'),
(19428586, 18322954, './layouts/fullmetal_by_daramkun', 'N', '20180311163403', 19432660, '1.0.0'),
(19431275, 18322943, './module/board/skins', 'N', '20180318081700', 19432793, '0.2'),
(19431519, 18322925, './addons/favicon', 'N', '20180318090437', 19434038, '1.1'),
(19433415, 18322925, './addons/jquery_external_load', 'N', '20180318091109', 22674018, '2.0'),
(19440527, 18322954, './layouts/CN_No2', 'N', '20180316223608', 19440528, '1.0.1'),
(19442769, 18322925, './addons/sex_restrictions', 'N', '20180318100052', 19455388, '0.1.1'),
(19454941, 18322977, 'modules/point/icons', 'N', '20180312151533', 19455859, '0.1'),
(19456969, 18322954, './layouts/impress-06', 'N', '20180307033933', 19464583, '1.0.1'),
(19458868, 18322925, './addons/soo_feed_delay', 'N', '20180318094853', 19458869, '0.1'),
(19462008, 18322927, './widgets/login_sunoo', 'N', '20180318084222', 19462009, '1.0'),
(19462173, 18322954, './layouts/xe_sunooNSLg', 'N', '20180318095812', 19462174, '1.0'),
(19462195, 18322954, './layouts/xe_sunooWALg', 'N', '20180312160101', 19462196, '1.0'),
(19473533, 18322943, './modules/integration_search/skins/xgenesis_official', 'N', '20180317010224', 19473716, '0.1.0'),
(19476930, 18322927, './widgets/stopsmoking_status', 'N', '20180220033713', 19476931, '0.1.0'),
(19491937, 18322954, './layouts/xe_sunooTALg', 'N', '20180304162909', 19491938, '1.0'),
(19983564, 18322977, './modules/editor/components/emoticon/tpl/images', 'N', '20180318092508', 19984752, '1.4.5.10'),
(19497436, 18322923, './modules/analysis', 'N', '20180223071316', 19528063, '0.1.2'),
(19503269, 18322925, './addons/analysis', 'N', '20180318083352', 19527972, '0.1.2'),
(19506416, 18322954, './layouts/PXE_clio', 'N', '20180316160822', 19506418, '1.1'),
(19509849, 18322954, './layouts/hankooktown', 'N', '20180318081426', 19509864, '1.0'),
(19510234, 18322954, './layouts/gallery_layout', 'N', '20180318092728', 19532739, '0.2'),
(19510889, 18322923, './modules/portalpoint', 'N', '20180317234941', 19741258, '1.2'),
(19512714, 18322954, './layouts/heaven', 'N', '20180318084008', 19514431, 'Alpha'),
(19513447, 18322925, './addons/sns_linker_lite', 'N', '20180318102226', 22754189, '1.1'),
(19513978, 18322954, './layouts/layout_photoGalleryA_Free', 'N', '20180310200052', 19514630, '1.0'),
(19514688, 18322927, './widgets/xgenesis_login', 'N', '20180318083019', 19539957, '0.1.1'),
(19515289, 18322927, './widgets/minion4', 'N', '20180312172022', 19635737, '2.0.1'),
(19515672, 18322954, './layouts/xe_sunooBCLg', 'N', '20180318101006', 19515673, '1.0'),
(19518187, 18322923, './modules/socialxe', 'N', '20180316211213', 22123379, '1.0.11'),
(19518188, 18322923, './modules/socialxeserver', 'N', '20180318090141', 22120897, '1.0.11'),
(19518196, 18322925, './addons/socialxe_helper', 'N', '20180318085118', 20361435, '1.0.6'),
(19518201, 18322927, './widgets/socialxe_comment', 'N', '20180318102317', 20361452, '1.0.8'),
(19518204, 18322927, './widgets/socialxe_info', 'N', '20180316114624', 19679127, '1.0.6'),
(19519171, 18322950, './widgets/tab_newest_document/skins/xe_official', 'N', '20180318085312', 19519369, 'xe_official'),
(19519182, 18322923, './modules/aroundmap', 'N', '20180318083252', 19519377, '0.2'),
(19519186, 18322925, './addons/qrcode', 'N', '20180318093244', 19528193, '0.2'),
(19519188, 18322923, './modules/rssboard', 'N', '20180318102737', 19539111, '0.3'),
(19519235, 18322923, './modules/sphinx', 'N', '20180307042944', 19519336, '0.2'),
(19522899, 18322923, './modules/bannermgm', 'N', '20180317132623', 19523059, '0.1'),
(19522900, 18322927, './widgets/bannermgm_widget', 'N', '20180318094641', 19525794, '0.2'),
(19524346, 18322950, './widgets/login_info/skins/gallery_layout_login', 'N', '20180312152911', 19527566, '0.2'),
(19525249, 18322943, './modules/textyle/skins/fotowallXE', 'N', '20180314130020', 19526784, '0.4.0'),
(19526505, 18322927, './widgets/bible_read', 'N', '20180315164417', 19585818, '1.1'),
(19526573, 18322943, './modules/board/skins/lune_board', 'N', '20180318100849', 20290780, '1.04'),
(19527443, 18322925, './addons/event_board', 'N', '20180307025525', 19527447, '0.1'),
(19527550, 18322927, './widgets/gallery_layout_widget', 'N', '20180318095247', 19532746, '1.0.0'),
(19527787, 18322927, './widgets/sitemap', 'N', '20180312155716', 19527788, '0.1.0'),
(19529399, 18322954, './layouts/crom_iXE', 'N', '20180312172248', 19600243, '1.0.3'),
(19529916, 18322943, './modules/editor/skins/jowrneyEditor', 'N', '20180318093618', 19533373, '0.1.0'),
(19529917, 18322977, '해당사항없음', 'N', '20180318082136', 19533355, '0.1.0'),
(19530900, 18322950, './widgets/content/skins/church_skin', 'N', '20180307014411', 19532808, '0.2'),
(19530901, 18322950, './widgets/login_info/skins/church_layout_login', 'N', '20180313045423', 19530913, '0.1'),
(19532317, 18322954, './layouts/portal_layout', 'N', '20180312150309', 19533824, '0.3'),
(19532779, 18322954, './layouts/church_layout', 'N', '20180316082535', 19532784, '0.2'),
(19533731, 18322977, './modules/point/icons/xeicon_coa', 'N', '20180315221707', 19736559, '3.0'),
(19534671, 18322927, './widgets/sejin7940_calendar', 'N', '20180314052450', 19534672, '1.0'),
(19548524, 18322927, './widgets/newest_document_tab', 'N', '20180312165550', 19548663, '0.2'),
(19549401, 18322925, './addons/source_marking', 'N', '20180316213537', 19549402, '0.3'),
(19550402, 18322925, './addons/socialxe_mid_forwarder', 'N', '20180318101223', 20361446, '1.0.3'),
(19551431, 18322977, './modules/document/tpl/icons', 'N', '20180307023758', 19551432, '0.1'),
(19555797, 18322925, './addons/prettyphoto', 'N', '20180318095655', 21336236, '1.1.3.0'),
(19555878, 18322925, './addons/webfont', 'N', '20180316010437', 21378394, '1.1.3.1'),
(19555887, 18322925, './addons/css3pie', 'N', '20180316144610', 20878725, '1.3.3.0'),
(19555890, 18322954, './layouts/sketchbook5', 'N', '20180317023704', 21336191, '1.6.3.6'),
(19555903, 18322943, './modules/board/skins/sketchbook5', 'N', '20180318020104', 22754336, '1.7.0'),
(19555926, 18322925, './addons/tag_relation/skins/default', 'N', '20180318101934', 19915132, '0.9.5'),
(19555927, 18322950, './widgets/socialxe_comment/skins/sketchbook5', 'N', '20180316211213', 22509535, '1.7.0'),
(19560898, 18322943, './modules/member/skins/photoGalleryA', 'N', '20180314101917', 19560902, '1.0'),
(19565911, 18322925, './addons/soo_body_content', 'N', '20180307022208', 19565912, '0.2'),
(19566135, 18322977, './modules/point/icons/NetCabin_Lvic', 'N', '20180317002213', 19576465, '0.1'),
(19570840, 18322954, './layouts/CN_No3', 'N', '20180307042523', 19582438, '1.0.4'),
(19574799, 18322925, './addons/smenubox_scaleupdown', 'N', '20180318090909', 19576713, '0.1'),
(19583417, 18322925, './addons/wiki-link', 'N', '20180312163644', 19600787, '0.2'),
(19594292, 18994172, './m.layouts/sketchbook5Mobile', 'N', '20180316211254', 20557098, '1.2.2.3'),
(19594435, 18994170, './modules/board/m.skins/sketchbook5Mobile', 'N', '20180318092803', 20973906, '1.2.3.3'),
(19600206, 18322925, './addons/autowww', 'N', '20180313093544', 19604227, '1.0'),
(19608490, 18322925, './addons/del-www', 'N', '20180316032321', 19608585, '0.1'),
(19618448, 18322954, './layouts/Tony', 'N', '20180307030730', 19620083, '0.1.1'),
(19618480, 18322950, './widgets/login_info/skins/Tony', 'N', '20180318092237', 19618481, '0.1.0'),
(19623053, 18322950, './widgets/login_info/skins/neutral', 'N', '20180318093053', 20803425, '0.2'),
(19623082, 18322950, './widgets/login_info/skins/graystyle', 'N', '20180318092957', 20702518, '0.21'),
(19623904, 18322954, './layouts/layout_photoGalleyA_sub', 'N', '20180316112656', 19623910, '1.2'),
(19623994, 18322954, './layouts/layout_newsMagazine_free', 'N', '20180316221218', 19623995, '1.0'),
(19624853, 18322950, './widgets/login_info/skins/Quad', 'N', '20180318082240', 19624859, '1.0.0'),
(19624858, 18322954, './layouts/Quad', 'N', '20180318080831', 19630832, '1.0.3'),
(19630138, 18322954, './layouts/SimpleDropDown', 'N', '20180312170500', 20467486, '2.0.0'),
(19637507, 18322943, './modules/board/skins/JB_erebus_board', 'N', '20180315221316', 22450338, '1.3.1'),
(19639463, 18322952, './widgetstyles/lineBox', 'N', '20180315180743', 19639464, '0.1'),
(19655120, 18322954, './layouts/NetCabin_X3', 'N', '20180318093954', 20430977, '0.2.2'),
(19657758, 18322954, './layouts/NetCabin_X2', 'N', '20180307024129', 19657761, '0.1'),
(19657941, 18322929, './modules/editor/components/chess', 'N', '20180307031337', 19688815, '1.1.2'),
(19673444, 18904838, './modules/editor/styles/NomarginPTag', 'N', '20180318103007', 19675462, '0.0.1.1'),
(19674194, 18904838, './modules/editor/styles/misol', 'N', '20180318083459', 19674198, '0.1'),
(19674471, 18322927, './widgets/twitter', 'N', '20180310005105', 19676523, '0.2'),
(19684891, 18322954, './layouts/elkha_pieces', 'N', '20180316093913', 19788968, '0.2'),
(19684961, 18322950, './widgets/login_info/skins/eond_gateway', 'N', '20180312170612', 19684962, '0.5'),
(19692489, 18322927, './widgets/music24_kr_clock', 'N', '20180226002915', 19692490, '1.0.0'),
(19700913, 18322954, './layouts/elkha_monochrome', 'N', '20180317072801', 19803893, '0.12'),
(19702417, 18322950, './widgets/login_info/skins/monochrome', 'N', '20180318085640', 20803243, '0.2'),
(19702419, 18322950, './widgets/language_select/skins/monochrome', 'N', '20180317072731', 19702444, '0.1'),
(19705472, 18322927, './widgets/content/skins/XEgrid_content', 'N', '20180214010214', 19705666, '1.1'),
(19707673, 18322950, './widgets/newest_document/skins/CN_No_series', 'N', '20180318082944', 19707678, '1.1'),
(19707730, 18322952, './widgetstyles/CN_No_series', 'N', '20180307021337', 19707731, '1.1'),
(19707750, 18322954, './layouts/CN_No4', 'N', '20180318100610', 19708324, '1.1'),
(19708869, 18322927, './widgets/navigation', 'N', '20180307130340', 19712189, '0.4'),
(19711536, 18322954, './layouts/people blue', 'N', '20180307035432', 19744693, '0.5'),
(19712183, 18322954, './layouts/smart', 'N', '20180318100201', 20902184, '0.9.9');
INSERT INTO `yeonriji_autoinstall_packages` (`package_srl`, `category_srl`, `path`, `have_instance`, `updatedate`, `latest_item_srl`, `version`) VALUES
(19712751, 18322954, './layouts/layout_skin(xenara_v1.2_type2_xe1.4.5.2)', 'N', '20180318084430', 19712752, '1.2'),
(19723352, 18322927, './widgets/facebook', 'N', '20180314144750', 19723353, '0.1'),
(19740666, 18322943, './modules/textyle/skins/PHOTOGRAPHER', 'N', '20180307021807', 19757669, '0.2'),
(19740680, 18322943, './modules/textyle/skins/DESIGNER', 'N', '20180312170343', 19757652, '0.2'),
(19740711, 18322943, './modules/textyle/skins/designspiration', 'N', '20180306063510', 19757610, '0.2'),
(19744664, 18322943, './modules/textyle/skins/BlueMood', 'N', '20180225011746', 19757584, '0.2'),
(19749792, 18322954, './layouts/layoutwotc_text', 'N', '20180312033618', 22596494, '1.0.7'),
(19754728, 18322977, './modules/point/icons/ca_ladder_60', 'N', '20180318080730', 19755182, '0.1'),
(19759864, 18322927, './widgets/google_map', 'N', '20180315151035', 19759892, '0.2'),
(19765252, 18322954, './layouts/XEgrid_Free', 'N', '20180304113820', 19765321, '1.0.3'),
(19767397, 18322954, './layouts/columnist', 'N', '20180315113140', 20270404, '1.5.1'),
(19775760, 18322950, './widgets/content/skins/Photographer', 'N', '20180318101941', 19775761, '0.1'),
(19775788, 18322950, './widgets/content/skins/default_new', 'N', '20180312162712', 19775789, '0.1'),
(19775816, 18322950, './widgets/content/skins/default2', 'N', '20180307020243', 19775820, '0.1'),
(19775829, 18322950, './widgets/tag_list/skins/default1', 'N', '20180228171157', 19775830, '0.1'),
(19775849, 18322950, './widgets/tag_list/skins/default2', 'N', '20180221023458', 19775850, '0.1'),
(19775878, 18322950, './widgets/tag_list/skins/default3', 'N', '20180312152207', 19775879, '0.1'),
(19775899, 18322950, './widgets/counter_status/skins/Designspiration', 'N', '20180312164048', 19775901, '0.1'),
(19775908, 18322950, './widgets/counter_status/skins/default_new', 'N', '20180312152755', 19775909, '0.1'),
(19775924, 18322950, './widgets/counter_status/skins/default2', 'N', '20180225011754', 19775928, '0.1'),
(19775942, 18322950, './widgets/category/skins/Designspiration', 'N', '20180307023719', 19775943, '0.1'),
(19775958, 18322950, './widgets/category/skins/BlogskinDesigner', 'N', '20180318095512', 19775962, '0.1'),
(19775971, 18322950, './widgets/category/skins/default_new', 'N', '20180311122252', 19775972, '0.1'),
(19804189, 18322925, './addons/elkha_www', 'N', '20180317171049', 20702493, '0.11'),
(19806836, 18322977, './modules/point/icons/elkha_poporina_zerostar50', 'N', '20180302011754', 19806837, '0.1'),
(19807569, 18322950, './widgets/login_info/skins/webengine_black', 'N', '20180317000127', 19827659, '1.2'),
(19816429, 18322954, './layouts/CN_No5', 'N', '20180312160229', 19816430, '1.0'),
(19816467, 18322950, './widgets/newest_document/skins/CN_No5', 'N', '20180312152557', 19816468, '1.0'),
(19816486, 18322950, './widgets/newest_comment/skins/CN_No5', 'N', '20180311163728', 19816487, '1.0'),
(19817434, 18322929, './modules/editor/components/eh_player', 'N', '20180318092327', 22755204, '1.7'),
(19818901, 18322954, './layouts/ikarusv1simple', 'N', '20180312160605', 19829113, '1.1.0'),
(19831182, 18322954, './layouts/layout_skin(xenara_v3.0_type2_xe1.4.4.4)', 'N', '20180312163249', 19831183, '3.0'),
(19831194, 18322954, './layouts/layout_skin(xenara_v3.1_type2_xe1.4.4.4)', 'N', '20180312163104', 19831195, '3.1'),
(19833041, 18322952, './widgetstyles/sctb', 'N', '20180318102403', 20213631, '6.0'),
(19834157, 18322954, 'xe/layouts', 'N', '20180318085612', 19834158, '0.2.1'),
(19849619, 18322952, './widgetstyles/SteelblueRound', 'N', '20180318092523', 19849620, '0.1'),
(19854096, 18322927, './widgets/qrcode_creator', 'N', '20180318093853', 19854097, '0.1'),
(19859881, 18322925, './addons/googleplus', 'N', '20180312163537', 19864516, '0.1.1'),
(19862381, 18322925, './addons/soo_googleplus', 'N', '20180307035313', 19890691, '0.2.1'),
(22753528, 18322925, './addons/point_pangpang_plus', 'N', '20180318092232', 22754951, '0.2b'),
(19875631, 18322925, './addons/gosite', 'N', '20180314112626', 19875632, '0.1'),
(19885185, 18322943, './modules/board/skins/sr_memo', 'N', '20180318091935', 20959847, '0.9.1'),
(19891355, 18322954, './layouts/steelblue4_Basic', 'N', '20180318091630', 19891356, '4'),
(19894029, 18322943, './modules/bodex/skins/sw_contact', 'N', '20180318091450', 19902554, '0.9'),
(19901434, 18994170, './modules/board/m.skins', 'N', '20180318081828', 19902394, '0.1'),
(19906026, 18322925, './addons/mypeople', 'N', '20180312170209', 19906139, '0.0.1'),
(19918081, 18322943, './modules/board/skins/CNboard', 'N', '20180312151340', 19918082, '1.0'),
(19918823, 18322954, './layouts/cimple_plus', 'N', '20180317160844', 19921280, '1.3c'),
(19923002, 18322925, './addons/sejin7940_write_limit', 'N', '20180318100334', 22687892, '1.5.2'),
(19960240, 18322925, './addons/sejin7940_readed_count', 'N', '20180316171530', 19960243, '1.6'),
(19962621, 18322943, './modules/member/skins/noangel_black', 'N', '20180120065428', 19962952, '1.0a'),
(19964934, 18322950, './widgets/login_info/skins/cronos_free', 'N', '20180316001546', 20187569, '1.1'),
(19974913, 18322954, './layouts/Dynamic', 'N', '20180316175450', 20429124, '3.0'),
(19976643, 18322950, './modules/message/skins/naruCD', 'N', '20180312172403', 19984421, '0.1.2'),
(19988049, 18322977, './modules/point/icons', 'N', '20180215125840', 19988222, '1.1.1'),
(20003560, 18322977, '레이아웃에서 직접 업로드', 'N', '20180209193342', 20003621, '1.0'),
(20070033, 18322927, './widgets/widget_kgcalendar', 'N', '20180318085838', 20117642, '1.1'),
(20070206, 18322927, './widgets/widget_kgcontent', 'N', '20180317180259', 20315271, '1.2'),
(20074878, 18322954, './layouts/elkha_tskorea', 'N', '20180318004401', 22755825, '0.3'),
(20075809, 18322950, './widgets/language_select/skins/tskorea', 'N', '20180316075428', 20092424, '0.1'),
(20075810, 18322927, './widgets/layout_info', 'N', '20180204232200', 20092486, '0.1'),
(20079764, 18322950, './widgets/counter_status/skins/flash', 'N', '20180314104817', 20079797, '0.1'),
(20091784, 18322927, './widgets/shopxeslider', 'N', '20180314004110', 20123108, 'V1.1'),
(20092690, 18322950, 'widgets/content/skins/elkha_nivo', 'N', '20180312171652', 20092697, '0.1'),
(20092760, 18322925, './addons/elkha_packer', 'N', '20180316094655', 20702463, '0.11'),
(20117694, 18322943, '.modules/board/skins', 'N', '20180316201253', 20117695, '1.0'),
(20118343, 18322925, './addon/cufon', 'N', '20180312165135', 20190605, '0.1.0'),
(20120961, 18322927, './widgets/treasurej_popular', 'N', '20180318091811', 22550390, '1.0.5'),
(20122381, 18322950, './widgets/treasurej_popular/skins/treasurej_popular_tabr', 'N', '20180318085531', 21972737, '1.1'),
(20155119, 18322943, './modules/member/skins/XET_member', 'N', '20180312154254', 21197586, '1.2'),
(20155171, 18322943, './modules/communication/skins/XET_communication', 'N', '20180309002144', 21344485, '1.2.1'),
(20168220, 18322954, './layouts/xe_cafe_site', 'N', '20180316223421', 21803913, '1.7.0'),
(20168286, 18322950, './widgets/login_info/skins/cafe_site', 'N', '20180318092751', 21802090, '1.7.0'),
(20168297, 18322950, './widgets/language_select/skins/cafe_site', 'N', '20180318095054', 21802140, '1.7.0'),
(20185969, 18322927, './widgets/autoredirect', 'N', '20180318080807', 20185972, '1.0'),
(20186750, 18322950, './widgets/treasurej_popular/skins/treasurej_popular_tabs', 'N', '20180318083237', 21972593, '1.1'),
(20187337, 18322923, './modules/guestbook', 'N', '20180318100551', 21962590, '1.7.0.1'),
(20187411, 18322923, './modules/faq', 'N', '20180315212419', 21854296, '1.7.0.1'),
(20187450, 18322923, './modules/contact', 'N', '20180318083613', 21968983, '1.7.0.2'),
(20236415, 18322943, './modules/attendance/skins/sr_at_skin', 'N', '20180318095226', 20236418, '0.1'),
(20242228, 18322943, '/modules/editor/skins', 'N', '20180312163811', 20624981, '0.1'),
(20259612, 18322954, './layouts/HappyTravel_v1', 'N', '20180226235625', 20261781, '1.0'),
(20276661, 18322950, './widgets/login_info/skins/cafe_official', 'N', '20180316144710', 21801927, '1.7.0'),
(20276676, 18322950, './widgets/language_select/skins/xe_cafe_language', 'N', '20180316223431', 20276677, '0.1'),
(20276726, 18322954, './layouts/xe_cafe_hub', 'N', '20180316223431', 21803871, '1.7.0'),
(20277082, 18322943, './modules/homepage/skins/xe_cafe_v2', 'N', '20180318085203', 20309227, '0.1.1'),
(20277901, 18322925, './addons/controlbox', 'N', '20180313023709', 20632434, '1.0.1'),
(20279228, 18322923, './modules/boardauction', 'N', '20180306085021', 20295567, '0.1.1'),
(20279332, 18322943, './modules/board/skins/xe_auction', 'N', '20180318094840', 20369078, '0.1.1'),
(20290703, 18994170, './modules/board/m.skins/m_sr_memo', 'N', '20180318093924', 20300033, '0.3.6'),
(20324298, 18322923, './modules/textmessage', 'N', '20180318101347', 22755760, '3.2.1'),
(20324311, 18322923, './modules/notification', 'N', '20180318101026', 22755762, '2.4.2'),
(20330088, 18322954, './layouts/layoutwotc_portal', 'N', '20180305065715', 20691619, '1.0.2'),
(20340640, 18322925, './addons/iphone_checkbox', 'N', '20180307033230', 20409821, '1.0a'),
(20350195, 18322927, './widgets/contentslist', 'N', '20180318084935', 20350196, '0.5'),
(20393822, 18322923, './modules/newposts', 'N', '20180318085928', 22755538, '2.4'),
(20401336, 18322954, './layouts/style_a_lite', 'N', '20180318102047', 22754751, '2.1.5'),
(20415487, 18322943, './modules/lottery/skins/simple', 'N', '20180317023539', 20451828, '1.1'),
(20427455, 18322952, './widgetstyles/admin_ws', 'N', '20180317165216', 20454155, '0.2'),
(20453531, 18322925, './addons/bodyfade', 'N', '20180318084117', 21401825, '0.2.3'),
(20458826, 18322954, './layouts/we_home', 'N', '20180318093410', 20980624, '1.8'),
(20464644, 18322927, './widgets/vanner', 'N', '20180307045011', 20464663, '0.2'),
(20466120, 18322925, './addons/elfinder', 'N', '20180307190852', 20480086, '0.1.1'),
(20472943, 18322954, './layouts/xe_solid_enterprise_LeCiel_v1', 'N', '20180316102412', 20613484, '1.7'),
(20473328, 18904838, './modules/editor/skins/fckplus', 'N', '20180317205716', 20487316, '1.1a'),
(20473753, 18322943, './modules/editor/skins/xeed', 'N', '20180307025235', 20473754, '0.2'),
(20476783, 18904838, './modules/editor/skins/fckplus_SimpleWhite', 'N', '20180317205709', 20487172, '1.1a'),
(20476937, 18322943, './modules/contact/skins/cameron', 'N', '20180318084904', 21970579, '1.5'),
(20493834, 18322950, './widgets/content/skins/updatenews', 'N', '20180315093949', 21134264, '1.8'),
(20495669, 18322943, './modules/member/skins/simple', 'N', '20180318085031', 20507441, '0.1'),
(20502461, 18322943, './modules/message/skins/cmd_message', 'N', '20180315103512', 20502462, '0.1'),
(20509760, 18322943, './modules/page/skins/sejin7940_page', 'N', '20180312150410', 22572810, '1.4.1'),
(20514706, 18322943, './modules/board/skins/simple_board', 'N', '20180318003308', 22754093, '1.3'),
(20519604, 18322943, './modules/member/skins/simple_for_14', 'N', '20180318011414', 21193099, '0.2'),
(20520233, 18322952, './widgetstyles/sketchbook5_wincomi', 'N', '20180318092103', 20798858, '3.0'),
(20520855, 18322925, './addons/color_message', 'N', '20180307025608', 20520858, '1.1'),
(20522778, 18322925, './addons/color_message_for_14', 'N', '20180312162635', 20522789, '1.0'),
(20522820, 18322950, './widgets/bible_read/skins/KnDol', 'N', '20180312162545', 20590447, '1.1.0'),
(20525058, 18322925, './addons/popup_menu_like_1_4', 'N', '20180224142457', 20798880, '1.0'),
(20526823, 18322925, './addons/me2plugin_for_14', 'N', '20180312162521', 20526828, '1.0'),
(20531619, 18322954, './layouts/white_square_layout', 'N', '20180318094609', 20882875, '1.3'),
(20533710, 18322950, './widgets/xeBanner/skins', 'N', '20180318091652', 20533711, '1.0.0'),
(20547035, 18322925, './addons/exif', 'N', '20180315113938', 21378417, '0.9.2.2'),
(20557173, 18322950, './widgets/content/skins/xe2011_contributor_present', 'N', '20180307235229', 20557174, '0.1'),
(20558958, 18322950, './widgets/lnb_menu/skins', 'N', '20180306072509', 20558964, '0.1.0'),
(20564368, 18322925, './addons/sejin7940_align', 'N', '20180315101116', 20564370, '1.0'),
(20579823, 18322954, './layouts/SilverCloud', 'N', '20180316200153', 20579824, '1.0'),
(20605745, 18322927, './widgets/widget_kgmedia', 'N', '20180316092206', 20695833, '1.1'),
(20612563, 18322927, './widgets/contentsmedia', 'N', '20180314162836', 20696865, '0.7'),
(20644220, 18322925, './addons/prohibit_monologue', 'N', '20180314202431', 20644221, '0.1'),
(20649732, 18322925, './addons/commentwritedownload', 'N', '20180318100205', 20681999, '0.3'),
(20670102, 18322923, './modules/lisense', 'N', '20180227210928', 20692149, '0.1'),
(20673638, 18322925, './addons/html5audio_flash', 'N', '20180318082210', 22541039, '1.5.1'),
(20673640, 18322925, './addons/falling_snow', 'N', '20180316012940', 20697610, '1.5.0'),
(20673970, 18322923, './modules/referer', 'N', '20180318074002', 22756010, '3.9.8'),
(20673999, 18322925, './addons/referer', 'N', '20180318102927', 22755559, '3.5.1'),
(20687933, 18322954, './layouts/xdt_offical_2', 'N', '20180316080612', 20949015, '1.4'),
(20707031, 18322943, '/modules/contact/skins', 'N', '20180314224329', 20707032, '1.0'),
(20710471, 18322923, './modules/checkip', 'N', '20180318011356', 20765854, '0.2.2'),
(20789735, 18322943, './modules/socialxe/skins/bootstrap.single', 'N', '20180316231829', 20789736, '1.0'),
(20792413, 18322950, './widgets/content/skins/sticky_note', 'N', '20180311090059', 20792414, '1.0.3.0'),
(20796792, 18322927, './widgets/notice', 'N', '20180317235323', 22755365, '1.0.6'),
(20806148, 18322925, './addons/nonebutton', 'N', '20180312153129', 20823285, '0.1.1'),
(20832909, 18322927, './widgets/user_finder', 'N', '20180318093424', 20836373, '0.1'),
(20832931, 18322923, './modules/user_finder', 'N', '20180314205059', 20836347, '0.1'),
(20908270, 18322923, './modules/detail_search', 'N', '20180318045051', 20949711, '0.1.1'),
(20908354, 18322950, './widgets/dswidget', 'N', '20180318045051', 20950044, '0.1.1'),
(20927819, 18322950, './widgets/login_info/skins/photo15', 'N', '20180316001500', 22253694, '1.1'),
(20936395, 18322923, './modules/umessage', 'N', '20180318091852', 20943903, '1.1'),
(20949728, 18322925, './addons/CssOutPlus', 'N', '20180316150433', 20952200, '1.1'),
(20951206, 18322925, './addons/css3pie_js', 'N', '20180316080706', 20966650, '1.1.1'),
(20954749, 18322925, './addons/message_alarm', 'N', '20180315235317', 21041089, '2.0'),
(20957609, 18322925, './addons/wating_message', 'N', '20180316083845', 20957612, '0.1.1'),
(20959091, 18322925, './addons/doc_viewer', 'N', '20180318101930', 20959094, '0.1.2'),
(20966755, 18322954, './layouts/xdt_community', 'N', '20180312172524', 21002067, '1.1'),
(20971314, 18322925, './addons/kakao_link', 'N', '20180318103205', 20975200, '0.2'),
(20989209, 18322954, './layouts/Chemistry_lite', 'N', '20180311011015', 20989210, '1.0'),
(20999893, 18322927, './widgets/sys_status', 'N', '20180318091219', 21005314, '3.1.1'),
(21003996, 18322927, './widgets/xestream', 'N', '20180317101718', 21014531, '0.2'),
(21004386, 18322950, './widgets/sys_status/skin/simple', 'N', '20180312151620', 21004387, '0.1'),
(21009029, 18322954, './layouts/xdt_community_2', 'N', '20180318093544', 21009030, '1.0'),
(21014822, 18322929, './modules/editor/components/soo_youtube', 'N', '20180312204614', 21039496, '0.5.1'),
(21015635, 18322925, './addons/appoint_view_user', 'N', '20180318092150', 22755995, '2.0'),
(21038796, 18322950, './widgets/point_status/skins/bootstrap', 'N', '20180312164945', 21146775, '1.2'),
(21038825, 18322950, './widgets/content/skins/sketchbook5_style', 'N', '20180318092650', 22756032, '1.1.1'),
(21090780, 18322954, './layouts/pleasure', 'N', '20180103011021', 21092056, '1.2'),
(21092346, 18322925, './addons/xdt_button', 'N', '20180318101120', 21739119, '2.1'),
(21124707, 18322925, './addons/soo_add_ssl', 'N', '20180312161126', 21124708, '0.1'),
(21146815, 18322950, './widgets/sys_status/skins/tb', 'N', '20180213183848', 21146816, '1.0'),
(21154641, 18322925, './addons/iframe_resize', 'N', '20180318110048', 21189969, '0.2'),
(21189057, 18322925, './addons/settitle', 'N', '20180317165227', 21383555, '1.3'),
(21189175, 18322925, './addons/texteffect', 'N', '20180307042244', 21197591, '0.2 beta'),
(21190663, 18322925, './addons/report_addon', 'N', '20180307035749', 21194703, '0.2'),
(21194822, 18322929, './modules/editor/components/simple_jw', 'N', '20180318085711', 21364752, '0.3.0'),
(21194850, 18322925, './addons/bootstrap_btn', 'N', '20180318094124', 21194883, '1.0'),
(21195053, 18322925, './addons/bootstrap_icon', 'N', '20180307022359', 21202617, '1.1a'),
(21195185, 18322923, './modules/authentication', 'N', '20180317190303', 22754169, '3.1.2'),
(21196855, 18322927, './widgets/camtv', 'N', '20180218075930', 21228634, '0.1'),
(21204144, 18322925, './addons/number_display', 'N', '20180315170135', 21204145, '0.1'),
(21211103, 18322923, './modules/sejin7940_comment', 'N', '20180317202051', 22755699, '1.8'),
(21220010, 18322925, './addons/limit_message', 'N', '20180312163210', 21229637, '0.2'),
(21221462, 18322925, './addons/naver_analytics', 'N', '20180318101744', 22658323, '1.2'),
(21231044, 18322923, './modules/reset_password', 'N', '20180312161147', 22728311, '1.2'),
(21245296, 18322954, './layouts/xe_official_v2.2', 'N', '20180318082925', 21295736, 'v.2.2'),
(21262112, 18322925, './addons/scrollbar', 'N', '20180316153857', 21262114, '0.9.1'),
(21267409, 18322954, './layouts/qookrabbit', 'N', '20180313023704', 21363221, '1.9.8'),
(21289114, 18322925, './addons/division', 'N', '20180224141817', 21294767, '1.0'),
(21290615, 18994170, './modules/board/m.skins/xenon_m_board', 'N', '20180318085839', 21393065, '1.5'),
(21290617, 18994170, './modules/page/m.skins/xenon_m_page', 'N', '20180318074009', 21295253, '1.1'),
(21290626, 18994170, './modules/member/m.skins/xenon_m_member', 'N', '20180318091323', 21429905, '1.0'),
(21290627, 18994172, './m.layouts/XenonMoblie', 'N', '20180318102249', 21815540, '1.9.1'),
(21298003, 18322925, './addons/layerpopup', 'N', '20180318085236', 22754287, '1.10'),
(21302525, 18322954, './layouts/xdt_pure', 'N', '20180316001210', 22755554, '1.6'),
(21305288, 18322952, './widgetstyles/nico', 'N', '20180318083422', 21532773, '2.0'),
(21305881, 18322923, './modules/xewall', 'N', '20180314124913', 22754355, '0.3.1'),
(21352246, 18322950, './widgets/counter_status/skins/qookrabbit_status', 'N', '20180318084946', 21352247, '0.1'),
(21352623, 18322925, './addons/mresizer', 'N', '20180318102912', 22755552, '1.6'),
(21354730, 18322925, './addons/msg_point', 'N', '20180315065036', 21354731, '1.0'),
(21354767, 18322925, './addons/change_nickname', 'N', '20180318083835', 22754182, '2.0'),
(21364832, 18322950, './widgets/newest_comment/skins/mynote', 'N', '20180312150755', 21364833, '0.1'),
(21367559, 18322954, '/layout', 'N', '20180312165114', 21389903, '0.0.2'),
(21369594, 18322925, './addons/my_comment_addon', 'N', '20180317202516', 21394119, '1.1.2'),
(21369690, 18322950, './widgets/newest_comment/skins/xenon_m_com', 'N', '20180309064415', 21370425, '1.1'),
(21369691, 18322950, './widgets/newest_document/skins/xenon_m_doc', 'N', '20180309161832', 21369734, '1.0'),
(21369692, 18322950, './widgets/newest_document/skins/xenon_m_gel', 'N', '20180309064433', 21369738, '1.0'),
(21370287, 18322923, './modules/smartux', 'N', '20180307022217', 21370289, '1.0.2'),
(21373345, 18322925, './addons/searchhighlight', 'N', '20180318085303', 21394152, '0.2'),
(21374711, 18322923, './modules/ncenterlite', 'N', '20180318095039', 22755671, '3.0.3'),
(21378491, 18994170, './modules/board/m.skins/sketchbook5', 'N', '20180318064325', 22754337, '1.7.0'),
(21382622, 18322925, './addon/jquery_snow', 'N', '20180307030507', 21391227, '0.0.1'),
(21384926, 18322925, './addons/dragcolor', 'N', '20180224194123', 21385023, '1.0'),
(21388442, 18322923, './modules/mobileex', 'N', '20180317133518', 22107721, '0.6.1'),
(21391263, 18322925, './addons/mbanner', 'N', '20180308112413', 21391414, '1.0'),
(21393465, 18322927, './widgets/uchat', 'N', '20180317115814', 22755730, '1.1.9'),
(21396254, 18322950, './widgets/content/skins/tb_sb', 'N', '20180315145129', 21396255, '1.0'),
(21398290, 18322925, './addons/pagechange', 'N', '20180318084540', 21432465, '3.0'),
(21400134, 18322925, './addons/securityPlus', 'N', '20180312172434', 21400135, '1.0.0'),
(21410063, 18322952, './widgetstyles/xdt_windless', 'N', '20180318034254', 21410071, '1.0'),
(21411060, 18322943, './modules/socialxe/skins/tb', 'N', '20180316174002', 22122003, '1.1'),
(22753897, 18322925, './addons/floating_video', 'N', '20180316123720', 22755842, '0.6.0'),
(21411087, 18322943, './modules/socialxeserver/skins/tb', 'N', '20180316231751', 21411095, '1.0'),
(21411172, 18322943, './modules/contact/skins/tb', 'N', '20180314224303', 21411184, '1.0'),
(21412475, 18322923, './modules/recruit', 'N', '20180307025529', 21412476, '1.0'),
(21413017, 18322927, './widgets/xegallery', 'N', '20180318101152', 21433519, '0.3'),
(21415137, 18322925, './addons/setitle2', 'N', '20180318010740', 21415140, '2.1.0'),
(21428178, 18322954, './layouts/xdt_simple_home', 'N', '20180317160910', 22403086, '1.4'),
(21439563, 18322925, './addons/kru_sslhelper', 'N', '20180318090656', 21711242, '3.0.1'),
(21526323, 18322925, './addons/noclick', 'N', '20180316163939', 22754294, '1.3'),
(21535219, 18322954, './layouts/live_login', 'N', '20180318084208', 21768603, '1.5.0.0'),
(21591779, 18322925, './addons/radarURL', 'N', '20180318095956', 21594258, '1.2'),
(21606824, 18322925, './addons/href_fixed1', 'N', '20180316114837', 21606841, '1.0'),
(21620531, 18322925, './addons/opengraph', 'N', '20180318100436', 21620532, '0.0.2'),
(21626541, 18322925, './addons/Redirection', 'N', '20180312150207', 21626542, '1.0a'),
(21643081, 18322950, './widgets/content/skins/mynote', 'N', '20180318092909', 21643082, '0.1'),
(21643233, 18322954, './layouts/Express999', 'N', '20180318102532', 21838875, '2.1'),
(21648251, 18322950, './widgets/content/skins/tb_cw', 'N', '20180318095043', 21978061, '2.2'),
(21651786, 18322925, './addons/scmplayer', 'N', '20180318092150', 22299133, '1.5'),
(21715889, 18322943, './modules/message/skins/eond', 'N', '20180314034818', 21715890, '0.1'),
(21717275, 18322923, './modules/okname', 'N', '20180318084711', 21726208, '0.2.0'),
(21717279, 18322925, './addons/okname', 'N', '20180316234536', 21726233, '0.2.0'),
(21736776, 18322925, './addons/kru_dab', 'N', '20180315194910', 21748943, '1.1'),
(21749702, 18994170, './modules/textyle/m.skins', 'N', '20180314141721', 21762837, '0.9'),
(21752944, 18322925, './addons/layerAlert', 'N', '20180318081143', 21753018, '1.1'),
(21761048, 18322954, './layouts/eond_rosso', 'N', '20180314132032', 21791719, '0.3.3'),
(21776217, 18322954, './layouts/eond_starter', 'N', '20180318084117', 21776218, '0.1'),
(21782412, 18322954, './layouts/eond_compact', 'N', '20180317195135', 21782413, '0.8.4'),
(21788706, 18322925, './addons/AntiProxy', 'N', '20180318084030', 21788708, '1.0.0'),
(21798677, 18322943, './modules/ncenterlite/skins/playerplace', 'N', '20180311135817', 21798682, '1.0.1'),
(21802016, 18322943, './modules/board/skins/xe_official_planner123/colorset', 'N', '20180317211140', 22754341, '0.4'),
(21805731, 18322925, './addons/activescrollbar', 'N', '20180314084324', 21805732, '1.0'),
(21807603, 18322927, './widgets/xehoverdir', 'N', '20180318084354', 21807604, '0.1'),
(21810388, 18322954, './layouts/xdt_black_time', 'N', '20180307035942', 22403080, '1.2'),
(21813965, 18322943, './modules/board/skins/xe_v3_gallery_haan', 'N', '20180318100700', 21814028, '0.3.1'),
(21838367, 18322927, './widgets/foodin', 'N', '20180312150627', 21845017, '0.0.3'),
(21838368, 18322950, './widgets/foodin/skin/simple', 'N', '20180318102124', 21845033, '0.0.1'),
(21854312, 18322923, './modules/forum', 'N', '20180314180814', 21956789, '1.7.0.1'),
(21855754, 18322927, './widgets/server_status', 'N', '20180314215220', 21885905, '0.2'),
(21861240, 18322943, './modules/member/skins/tb', 'N', '20180318091739', 21861246, '1.0'),
(21861251, 18322943, './modules/communication/skins/tb', 'N', '20180318091120', 21861263, '1.0'),
(21861272, 18322943, './modules/message/skins/tb', 'N', '20180317194140', 21861277, '1.0'),
(21861282, 18322943, './modules/integration_search/skins/tb', 'N', '20180318101310', 21861307, '1.0'),
(21862798, 18322954, './layouts/brownwhite', 'N', '20180318085236', 21863022, '1.1'),
(21876980, 18322923, './modules/multidomain', 'N', '20180318094620', 22755400, '1.4.1'),
(21876999, 18322925, './addons/multidomain', 'N', '20180318093045', 22280906, '1.2'),
(21883072, 18322954, './layouts/the_bootstrap', 'N', '20180318083150', 22755641, '3.5.2'),
(21889835, 18322925, './addons/counter_ex', 'N', '20180316180624', 22754574, '1.1.0'),
(21901097, 18322925, './addons/today_fortune', 'N', '20180316094051', 21908882, '1.0.1'),
(21933112, 18322925, './addons/to_sns', 'N', '20180318101425', 22756009, '0.2.6'),
(21933295, 18322923, './modules/realnotice', 'N', '20180318034836', 21933310, '0.5'),
(21950613, 18322925, './addons/sejin7940_mustlogin', 'N', '20180318090319', 21959492, '0.2'),
(21978106, 18322925, './addons/sejin7940_autotrash', 'N', '20180318080912', 21978124, '1.1.1'),
(22017658, 18322954, './layouts/xecenter', 'N', '20180316155134', 22633469, '1.3.7'),
(22069845, 18322927, './widgets/traffic_status', 'N', '20180317001158', 22069874, '1.0'),
(22073155, 18322923, './modules/cash', 'N', '20180313205928', 22074809, '0.1'),
(22115065, 18322954, './layouts/awake', 'N', '20180314231006', 22754348, '1.0.4'),
(22115651, 18322923, './modules/pa', 'N', '20180311012441', 22121058, '1.0'),
(22141994, 18322977, './modules/point/icons/level_icon', 'N', '20180315085249', 22734341, 'SSS'),
(22160991, 18322977, './modules/point/icons/wf_lv', 'N', '20180302172544', 22161011, '0.2'),
(22186881, 18322977, './modules/point/icons/star', 'N', '20180103131851', 22186890, 'S'),
(22194465, 18322925, './addons/member_join_ex', 'N', '20180318085503', 22194483, '0.2.3'),
(22208650, 18322923, '/messageTalk', 'N', '20180317030448', 22208679, '1.1'),
(22208653, 18322925, './addons/font-awesome', 'N', '20180316061557', 22226740, '1.0'),
(22223413, 18322925, './addons/wiki_extend', 'N', '20180315190529', 22223443, '0.1'),
(22228663, 18322925, './addons/addon_insert_sticker', 'N', '20180316165938', 22228684, '1.0'),
(22235916, 18322925, './addons/zipped_xe', 'N', '20180318092242', 22278143, '0.3'),
(22245450, 18322943, './widgets/logged_members/skins/w_redtokbox', 'N', '20180318090536', 22277385, '1.2'),
(22260417, 18322925, './addons/301moved', 'N', '20180318101009', 22265949, '0.2'),
(22263678, 18322927, './widgets/eh_whcarousel', 'N', '20180317164005', 22754205, '0.4'),
(22266089, 18322977, './modules/point/icons/default_J', 'N', '20180302180440', 22266113, 'PK_CP'),
(22280542, 18322954, './layouts/simplestrap', 'N', '20180318093403', 22755966, '2.3'),
(22282486, 18322950, './widgets/content/skins/simplestrap_sb', 'N', '20180318053208', 22755643, '1.0.2'),
(22283649, 18322943, './modules/member/skins/simplestrap', 'N', '20180318094106', 22755627, '2.0'),
(22283657, 18322943, './modules/communication/skins/simplestrap', 'N', '20180318053208', 22755793, '2.0.1'),
(22288778, 18322927, './widgets/talkbox', 'N', '20180317155049', 22460980, '1.1'),
(22301990, 18322943, './modules/board/skins/sketchbook5_youtube', 'N', '20180318094559', 22304077, '0.3'),
(22303618, 18322977, './modules/point/icons/donek', 'N', '20180214100247', 22303661, 'Acc'),
(22305559, 18322977, './modules/point/icons/KJA_Love', 'N', '20180302235700', 22305588, 'R'),
(22332211, 18322954, './layouts/xdt_cool', 'N', '20180318023638', 22595789, '1.2.2'),
(22337183, 18322977, './modules/point/icons/typical-t', 'N', '20180314175757', 22337194, 'Timeless'),
(22337993, 18322954, '/layouts', 'N', '20180306074815', 22337998, '1.0.0'),
(22348667, 18322954, './layouts/blue', 'N', '20180312161909', 22348685, '1.0'),
(22753681, 18322925, './addons/hashtags', 'N', '20180317233627', 22755203, '1.2'),
(22351328, 18322943, './modules/forum/skins/flat_forum_lite', 'N', '20180316133208', 22374400, '1.0.4'),
(22356670, 18322943, './modules/integration_search/skins/yjsoft_ggcse', 'N', '20180318094016', 22379825, '0.1.0'),
(22356680, 18322977, './modules/point/icons/zanazana', 'N', '20180227135958', 22356690, 'I don\'t no'),
(22359020, 18322925, './addons/elkha_simple_spam', 'N', '20180316094637', 22359071, '0.1'),
(22377937, 18322954, './layouts/hestia', 'N', '20180313203709', 22754444, '2.1.4'),
(22393789, 18322950, 'widgets/counter_status/skins/hestia_status', 'N', '20180315113705', 22393813, '1.0'),
(22396862, 18322954, './layouts/xdt_style_b', 'N', '20180317160854', 22658304, '1.2.4'),
(22402420, 18322977, './modules/point/icons/500-983', 'N', '20180318084847', 22402437, 'fort'),
(22440981, 18322950, './widgets/content/skins/eond_ygh', 'N', '20180316154518', 22440999, '0.3'),
(22446815, 18322923, './modules/upgletyle', 'N', '20180317063838', 22692647, '0.1.4'),
(22450636, 18322943, './modules/editor/skins/xpresseditor_axupload5', 'N', '20180318103143', 22755307, '1.2.1'),
(22452877, 18904838, './modules/editor/styles/simplestrap', 'N', '20180317222109', 22452885, '0.1'),
(22454021, 18322923, './messageTalk', 'N', '20180317173227', 22460914, '2.0.1'),
(22455366, 18322925, './addons/block_document', 'N', '20180317010435', 22755330, '0.2'),
(22456939, 18322925, './addons/xdt_scrollbar', 'N', '20180316080524', 22456955, '1.0'),
(22466915, 18322923, './modules/plusad', 'N', '20180317145441', 22530791, '0.5'),
(22466916, 18322927, './widgets/plusadWidget', 'N', '20180317145523', 22530804, '0.6'),
(22467273, 18322943, './modules/board/skins/phiz_A_zine2', 'N', '20180317001622', 22471747, '1.0'),
(22470148, 18322954, './layouts/layout_intermission', 'N', '20180317155953', 22545808, '0.9.6'),
(22473723, 18322954, './layouts/daol_official', 'N', '20180318101544', 22755920, '1.3'),
(22481310, 18322977, './modules/point/icons/Dandy_TJ', 'N', '20180313064015', 22481349, 'I\'m very Dandy'),
(22488105, 18322954, './layouts/webengine_white', 'N', '20180316223351', 22602278, '1.2'),
(22497371, 18322925, './addons/url_shortener', 'N', '20180318083827', 22574332, '1.12'),
(22501400, 18322950, './widgets/newest_document/skins/luke_doc', 'N', '20180316154440', 22502529, 'v1.0'),
(22501977, 18322954, './layouts/dark_white', 'N', '20180318082409', 22508454, 'v1.1'),
(22505945, 18322950, './widgets/newest_comment/skins/luke_doc', 'N', '20180312160104', 22505955, 'v1.0'),
(22508537, 18322923, './modules/rockgame', 'N', '20180314214811', 22541336, '0.4'),
(22511691, 18322925, './addons/member_activity_check', 'N', '20180318095204', 22754292, '0.4'),
(22514693, 18994172, './m.layouts/xenon_nx', 'N', '20180318105735', 22754354, '0.9.3'),
(22516532, 18322925, './addons/langfilter', 'N', '20180307083112', 22754507, '0.7'),
(22526030, 18322927, './widgets/simple_clock', 'N', '20180318085443', 22537348, '1.1'),
(22526528, 18322925, './addons/falling_snow2', 'N', '20180316012906', 22528351, '1.0.0'),
(22526756, 18322925, './addons/falling_snow3', 'N', '20180316012147', 22528554, '1.0.0'),
(22529686, 18322927, './widgets/simple_calendar', 'N', '20180318100103', 22579892, '1.3'),
(22529898, 18322950, './widgets/browserWidget/skins/simplestrap', 'N', '20180208065900', 22529948, '0.1'),
(22530581, 18322943, './modules/board/skins/contact_write', 'N', '20180317183155', 22755840, '1.14'),
(22531811, 18322950, './widgets/treasurej_popular/skins/neat_popular_tabs', 'N', '20180316183944', 22754295, '1.1'),
(22535332, 18322954, './layouts/xeschool_red', 'N', '20180307033949', 22535344, 'red'),
(22535350, 18322977, './modules/point/icons/redskiicons', 'N', '20180315033537', 22535354, 'redski'),
(22535360, 18322977, './modules/point/icons/plusalpine', 'N', '20180313183013', 22535364, 'plusAlpha'),
(22537451, 18322925, './addons/bootstrap3_css', 'N', '20180315064227', 22537493, '1.0'),
(22539420, 18322927, './widgets/cute_clock', 'N', '20180318083311', 22539425, '1.0'),
(22540074, 18322954, './layouts/s4us_1.0', 'N', '20180318093159', 22540131, '1.0'),
(22540502, 18322943, './modules/contact/skins/phizContact', 'N', '20180314175918', 22540527, '1.0'),
(22540996, 18322929, './modules/editor/components/multimedia_link', 'N', '20180318083935', 22616932, '1.2.0'),
(22542943, 18322954, './layouts/Fresh', 'N', '20180310122931', 22543307, '1.0'),
(22544858, 18322925, './addons/html5video_flash', 'N', '20180318092657', 22544908, '1.0.0'),
(22547855, 18994170, './modules/member/m.skins/Blouse', 'N', '20180313100157', 22568070, '1.3'),
(22549104, 18322925, './addons/recommend', 'N', '20180307233027', 22549119, '1.0'),
(22553944, 18322925, './addons/xdt_css', 'N', '20180316080446', 22553960, '1.0'),
(22556480, 18322927, './widgets/moonchat', 'N', '20180317171152', 22755858, '3.0.1'),
(22562932, 18322950, './widgets/sitemap/skins/select', 'N', '20180318094523', 22585636, '0.3.3'),
(22563110, 18322950, './widgets/content/skins/s4utabview', 'N', '20180316163646', 22563143, '1.0'),
(22563158, 18322954, './layouts/nextep', 'N', '20180317203303', 22581078, 'nextep v1.2'),
(22566102, 18322943, './modules/board/skins/wmboard', 'N', '20180318094201', 22573020, '2.1'),
(22568598, 18322954, './layouts/xdt_simple_home2', 'N', '20180317160842', 22715996, '1.0.1'),
(22572346, 18322927, './widgets/hindole', 'N', '20180315171903', 22572496, '1.0'),
(22572358, 18322950, './widgets/newest_comment/skins/hindole_v1_com', 'N', '20180307030329', 22572455, '1.0'),
(22572362, 18322954, './layout/book_layout', 'N', '20180318085800', 22572485, '1.0'),
(22572365, 18322952, './widgetstyles/hindole_box', 'N', '20180316191745', 22600170, '1.1'),
(22572369, 18322952, './widgetstyles/simple-style', 'N', '20180312200220', 22572466, '1.0'),
(22572375, 18322950, './widgets/newest_document/skins/hindole_v1_doc', 'N', '20180318095240', 22572430, '1.0'),
(22577184, 18322923, './modules/sejin7940_copy', 'N', '20180318082430', 22755414, '1.3.3'),
(22579388, 18322923, './modules/money', 'N', '20180316165906', 22702291, '0.1.3'),
(22580059, 18322925, './addons/xesticky', 'N', '20180312154527', 22580144, '0.1'),
(22581369, 18322927, './widgets/towc_new_docu', 'N', '20180318110918', 22638452, '1.9'),
(22583905, 18322950, './widgets/content/skins/phiz_rwd_images', 'N', '20180318082041', 22583963, '1.0'),
(22583972, 18322954, './layouts/phizRWDThemes', 'N', '20180318100324', 22714063, '1.2'),
(22585779, 18322943, './modules/board/skins/sm', 'N', '20180318103251', 22696276, '1.9.7'),
(22587055, 18994170, './modules/board/m.skins/sm', 'N', '20180317170128', 22693248, '0.5.8'),
(22589792, 18994172, './m.layouts/webbuilder', 'N', '20180318083226', 22589821, '1.0.1'),
(22590268, 18322923, './modules/quizgame', 'N', '20180314214818', 22590276, '0.1'),
(22590697, 18322943, './modules/editor/skins/ckeditor', 'N', '20180312152944', 22590711, '1.0.0'),
(22591861, 18322954, './layouts/webbuilder_layout', 'N', '20180318085415', 22610423, '1.0.3'),
(22594541, 18322923, './modules/nproduct', 'N', '20180318094250', 22755889, '2.6.2'),
(22594546, 18322923, './modules/nstore', 'N', '20180318100304', 22755810, '2.5.2'),
(22594548, 18322923, './modules/store_review', 'N', '20180317190918', 22755815, '2.5.2'),
(22594549, 18322923, './modules/ncart', 'N', '20180318094226', 22755807, '2.5.2'),
(22594556, 18322923, './modules/epay', 'N', '20180317190919', 22755804, '2.5.2'),
(22594557, 18322923, './modules/nmileage', 'N', '20180317190920', 22755808, '2.5.2'),
(22594571, 18322927, './widgets/frontdisplay', 'N', '20180318090824', 22596682, '1.0'),
(22594576, 18322927, './widgets/category_menu', 'N', '20180313224845', 22596721, '1.2'),
(22594585, 18322925, './addons/trolley', 'N', '20180313224849', 22596756, '0.3'),
(22596809, 18322923, './modules/nstore_digital', 'N', '20180317174219', 22755812, '2.5.2'),
(22596810, 18322923, './modules/nstore_digital_contents', 'N', '20180317174213', 22755811, '2.5.2'),
(22597020, 18322923, './modules/license', 'N', '20180318081208', 22635123, '1.2.1'),
(22597112, 18322923, './modules/cympusadmin', 'N', '20180318081528', 22755802, '2.5.2'),
(22597120, 18322923, './modules/store_search', 'N', '20180318091951', 22755816, '2.5.2'),
(22597227, 18322923, './modules/paynoty', 'N', '20180317174232', 22755890, '2.6.2'),
(22597855, 18322943, './modules/board/skins/rest_default', 'N', '20180317165421', 22723910, '1.2.1'),
(22605220, 18322925, './addons/cameron_plugin', 'N', '20180318084837', 22754521, '1.2'),
(22607524, 18322925, './addons/dsori_submanager_free', 'N', '20180318084528', 22608742, '0.1740.2'),
(22753629, 18322927, './widgets/Ding_Button_Collection', 'N', '20180318100808', 22754874, '1.1'),
(22610153, 18322943, './modules/editor/skins/dsori_ckeditor', 'N', '20180313111717', 22624901, '0.1740.3'),
(22610154, 18322925, './addons/dsori_ckeditor_setting', 'N', '20180318095739', 22624891, '0.1740.3'),
(22610502, 18322954, './layouts/webbuilder_layout2', 'N', '20180318095455', 22614812, '1.0.3'),
(22611192, 18322925, './addons/dsori_facebook_comment', 'N', '20180312164711', 22613855, '0.1740.2'),
(22616427, 18322925, './addons/pushwing', 'N', '20180317073254', 22663888, '0.5'),
(22616439, 18322925, './addons/pushwing_comment', 'N', '20180318101905', 22639689, '0.5'),
(22617898, 18322923, './modules/automail', 'N', '20180317164844', 22617911, '0.1'),
(22618830, 18322925, './addons/checklen', 'N', '20180318081856', 22754320, '1.3'),
(22622633, 18322925, './addons/blockact', 'N', '20180316082102', 22755957, '1.1'),
(22627992, 18322954, './layouts/orange_simple', 'N', '20180308141336', 22670250, '1.4'),
(22631178, 18322925, './addons/mobile_redirect', 'N', '20180307040343', 22631183, '1.0'),
(22631822, 18322954, './layouts/xeview_layout', 'N', '20180307034609', 22631830, '1.2'),
(22631837, 18322954, './layouts/five_start', 'N', '20180308190503', 22631859, '1.0'),
(22634250, 18322925, './addons/browser_helper', 'N', '20180312152537', 22634254, '1.0'),
(22634927, 18322952, './widgetstyles/m_cronos_ws', 'N', '20180318083750', 22647143, '1.1'),
(22634955, 18322950, './widgets/mcontent/skins/m_cronos_w', 'N', '20180318100341', 22647135, '1.1'),
(22640952, 18322925, './addons/twoc_memo_del', 'N', '20180312161520', 22640972, '1.1'),
(22641332, 18322954, './layouts/Imagemonster', 'N', '20180318105853', 22754363, '2.1'),
(22641961, 18322927, './widgets/photoslider', 'N', '20180318024403', 22641966, '1.0'),
(22643750, 18322925, './addons/bot_title_control', 'N', '20180318095847', 22643845, '0.2'),
(22644317, 18322925, './addons/member_control', 'N', '20180318101306', 22644546, '0.1'),
(22646356, 18322943, './modules/member/skins/sketchbook5_member_skin', 'N', '20180318092613', 22755492, '0.4.21'),
(22646443, 18322943, './modules/communication/skins/sketchbook5_communication_skin', 'N', '20180317221907', 22755495, '0.4.21'),
(22646468, 18994170, './modules/member/m.skins/sketchbook5_member_m.skin', 'N', '20180318081726', 22755493, '0.4.21'),
(22646488, 18994170, './modules/communication/m.skins/sketchbook5_communication_m.skin', 'N', '20180318092626', 22755494, '0.4.21'),
(22648755, 18322923, './modules/upgletyle_plugin_daumview', 'N', '20180312151342', 22648765, '0.1.0.b1'),
(22648862, 18322925, './addons/robotcontrol', 'N', '20180312150836', 22649123, '1.1.0'),
(22649096, 18322925, './addons/fa_loader', 'N', '20180315112949', 22754343, '4.2.0'),
(22649328, 18322925, './addons/checkkorean', 'N', '20180312170553', 22651662, '1.1'),
(22650410, 18322925, './addons/login_defencer', 'N', '20180307040144', 22650418, '1.0'),
(22651543, 18322954, './layouts/flat_series', 'N', '20180318081642', 22754140, '1.0.22'),
(22651552, 18322950, './widgets/login_info/skins/flat_series', 'N', '20180318100636', 22744104, '1.0.1'),
(22652987, 18322925, './addons/confirm_declare', 'N', '20180309191914', 22754564, '1.1a'),
(22653449, 18322925, './addons/block_ip', 'N', '20180318090058', 22754567, '2.1a'),
(22654408, 18322925, './addons/authentication_change', 'N', '20180317172329', 22654433, '0.1'),
(22655078, 18322954, './layouts/emergence', 'N', '20180307042915', 22660012, '1.0.0'),
(22657234, 18322925, './addons/xdt_google_analytics', 'N', '20180318103126', 22754376, '1.1'),
(22658404, 18994170, './modules/board/m.skins/sosifam_memo', 'N', '20180318085136', 22738369, '0.5'),
(22658524, 18322927, './widgets/hb_bank', 'N', '20180313030522', 22658668, '0.1'),
(22660923, 18994172, './m.layouts/phizMobileThemes', 'N', '20180318095123', 22754202, '1.2'),
(22660940, 18994170, './modules/member/m.skins/phizMobile', 'N', '20180318085151', 22660950, '1.0'),
(22660953, 18994170, './modules/communication/m.skin/phizMobile', 'N', '20180307024338', 22660956, '1.0'),
(22664861, 18322927, './widgets/cameronSlider', 'N', '20180318100549', 22754523, '1.0.2'),
(22664862, 18322950, './widgets/cameronSlider/skins/cameraSlider', 'N', '20180317163446', 22754329, '1.0.1'),
(22665526, 18322950, './widgets/cameronSlider/skins/bxSlider', 'N', '20180317163448', 22754330, '1.0.1'),
(22665670, 18322950, './widgets/cameronSlider/skins/FlexSlider2', 'N', '20180317163443', 22754331, '1.0.1'),
(22668729, 18322927, './widgets/webcon_newswidget', 'N', '20180315143705', 22700746, '1.0.1'),
(22669010, 18322954, './layouts/css3_simple', 'N', '20180318091146', 22687348, '1.1'),
(22672196, 18322925, './addons/new_document_notify', 'N', '20180318101116', 22754335, '2.0'),
(22673162, 18322925, './addons/fileicon', 'N', '20180318102108', 22716823, '1.1'),
(22673736, 18322925, './addons/jqueryuicdn', 'N', '20180318083332', 22673740, '1.0'),
(22677441, 18322925, './addons/jquerycdn', 'N', '20180312165126', 22714080, '1.0.3'),
(22678118, 18322927, './widgets/webcon_smartTab', 'N', '20180315143734', 22680181, '1.0'),
(22678527, 18322954, './layouts/awake2', 'N', '20180318004405', 22755684, '1.7'),
(22678880, 18322925, './addons/jsecure_xe', 'N', '20180318092809', 22684436, '0.2'),
(22690074, 18322923, './modules/sejin7940_vote', 'N', '20180314194500', 22755593, '1.3.1'),
(22692696, 18322927, './widgets/webcon_mosaicGallery', 'N', '20180318101437', 22692724, '1.0'),
(22692901, 18322927, './widgets/srchat_count', 'N', '20180318084156', 22692906, '1.0'),
(22699529, 18322927, './widgets/webcon_carousel', 'N', '20180317194003', 22699542, '1.0'),
(22703498, 18322927, './widgets/webcon_N_newsSearch', 'N', '20180318090941', 22703507, '1.0'),
(22703903, 18322927, './widgets/webcon_verticalTab', 'N', '20180315143632', 22708158, '1.0.1'),
(22703904, 18322925, './addons/xetrace', 'N', '20180318095346', 22703936, '1.0.0'),
(22705169, 18322923, './modules/moneysend', 'N', '20180312161738', 22705176, '0.0.1'),
(22706212, 18322925, './addons/hide_mid', 'N', '20180316141823', 22706230, '0.1.0'),
(22711628, 18322954, './layouts/xelab_ll1', 'N', '20180312160341', 22712736, '1.0.2'),
(22715595, 18322925, './addons/captbha', 'N', '20180224134851', 22715603, '0.5'),
(22716306, 18322954, './layouts/firstkenta', 'N', '20180314144501', 22754179, '1.1'),
(22716407, 18322925, './addons/autodeny', 'N', '20180307034028', 22716411, '0.7'),
(22718180, 18322927, './widgets/webcon_effectSlider', 'N', '20180315142923', 22718196, '1.0'),
(22718477, 18322925, './addons/fa_fileicon', 'N', '20180312170319', 22754338, '1.1.2'),
(22720710, 18322943, './modules/upgletyle/skins/emplode', 'N', '20180307021834', 22720745, '0.7'),
(22723913, 18322925, './addons/dyform_no_spam', 'N', '20180315095454', 22754947, '0.4'),
(22726124, 18322923, './modules/ggmailing', 'N', '20180318091640', 22755531, '0.4.4'),
(22730394, 18322943, './modules/sejin7940_comment/skins/sketchbook5_mycomment_skin', 'N', '20180318082352', 22755498, '1.0.4'),
(22730395, 18994170, './modules/sejin7940_comment/m.skins/sketchbook5_mycomment_mskin', 'N', '20180317202509', 22755497, '1.0.4'),
(22730560, 18322954, './layouts/purexe', 'N', '20180318083530', 22754180, '1.1'),
(22753344, 18322954, './layouts/simple_is_best', 'N', '20180318085436', 22754147, '1.0'),
(22735026, 18322925, './addons/sejin7940_mobile_resize', 'N', '20180314102435', 22735066, '1.0'),
(22735793, 18322927, './widgets/webcon_mosaicContents', 'N', '20180315161634', 22735808, '1.0'),
(22736227, 18322925, './addons/memberinfo', 'N', '20180316100518', 22754342, '1.10'),
(22736353, 18322925, './addons/bbCode', 'N', '20180303082541', 22736356, '1.0'),
(22736372, 18322925, './addons/placeHolders', 'N', '20180318082527', 22736378, '1.0'),
(22737353, 18322977, './modules/point/icons/semo', 'N', '20180222211920', 22737363, 'Volkswagen'),
(22744282, 18322925, './addons/stop_spambot_xe', 'N', '20180318073910', 22756031, '1.8'),
(22752234, 18322925, './addons/block_country', 'N', '20180315213922', 22752338, '0.2'),
(22753306, 18322927, './widgets/ggboardmailing_widget', 'N', '20180317155238', 22755528, '0.3'),
(22753312, 18322925, './addons/new_document_notify2', 'N', '20180208000039', 22754204, '1.0.12'),
(22753313, 18322923, './modules/attendance', 'N', '20180318102651', 22756039, '7.2.3'),
(22753314, 18322923, './modules/privilege', 'N', '20180308144639', 22754353, '0.1.2'),
(22753315, 18322925, './addons/sns_card', 'N', '20180306164414', 22754099, '1.1'),
(22753316, 18322954, './layouts/doorweb_v4', 'N', '20180318091040', 22754256, '1.7'),
(22753317, 18322950, './widgets/content/skins/doorweb', 'N', '20180318005742', 22754080, '1.7'),
(22753322, 18322954, './layouts/rkt001', 'N', '20180316223323', 22754084, '1.0.0'),
(22753326, 18322923, './modules/ajaxboard', 'N', '20180318011747', 22754482, '2.1.1'),
(22753328, 18322954, './layouts/verti', 'N', '20180312155456', 22754108, '0.1.0'),
(22753334, 18322943, './modules/editor/skins/xpresseditor_datauri', 'N', '20180312170418', 22754114, '1.7'),
(22753336, 18322925, './addons/font_awesome_new', 'N', '20180312154720', 22754115, '1.0'),
(22753339, 18322954, './layouts/rkt002', 'N', '20180312155337', 22754118, '1.0.0'),
(22753340, 18322925, './addons/font_nanum_gothic', 'N', '20180318084515', 22754124, '1.0'),
(22753341, 18322954, './layouts/The_Simple_Classic_Lite', 'N', '20180318101719', 22754141, '1.1'),
(22753342, 18322927, './widgets/slideimg', 'N', '20180318100553', 22754339, '1.1.2'),
(22753343, 18322925, './addons/multimedia_thumbnail', 'N', '20180318102917', 22756019, '2.5.0'),
(22753345, 18994172, './m.layouts/simple_is_best_mobile', 'N', '20180317154031', 22754148, '1.0'),
(22753346, 18322923, './modules/currency', 'N', '20180318085918', 22755801, '2.5.2'),
(22753348, 18322923, './modules/inipay', 'N', '20180318103731', 22754422, '1.2'),
(22753349, 18322923, './modules/inipaymobile', 'N', '20180317190926', 22755895, '2.6.3'),
(22753783, 18322923, './modules/inipaystandard', 'N', '20180317174229', 22755887, '2.6.2'),
(22753350, 18322923, './modules/kcp', 'N', '20180317164136', 22755806, '2.5.2'),
(22753351, 18322923, './modules/cashpay', 'N', '20180317190857', 22755800, '2.5.2'),
(22753352, 18322923, './modules/paypal', 'N', '20180317164204', 22755814, '2.5.2'),
(22753353, 18322954, './layouts/kbfree', 'N', '20180310014037', 22754197, '1.2'),
(22753675, 18322923, './modules/youtube', 'N', '20180318091415', 22755418, '1.1.1.'),
(22753428, 18322927, './widgets/sejin7940_navermap', 'N', '20180318093349', 22754347, '0.2.1'),
(22753354, 18322923, './modules/seo', 'N', '20180317004402', 22755548, '1.8.19'),
(22753356, 18322923, './modules/gdata', 'N', '20180314011508', 22754185, '0.5'),
(22753358, 18322927, './widgets/picasa_recent_images', 'N', '20180318100853', 22754183, '0.1'),
(22753359, 18322925, './addons/my_reading', 'N', '20180310165020', 22754203, '1.1'),
(22753373, 18322925, './addons/updatecategory', 'N', '20180317235535', 22754190, '1.0'),
(22753374, 18322927, './widgets/xelayout_weather', 'N', '20180317003244', 22754198, '0.2'),
(22753381, 18322925, './addons/sxe_block_write', 'N', '20180305233540', 22754220, '0.2'),
(22753382, 18322925, './addons/sxe_now_connected', 'N', '20180312154544', 22754221, '0.2'),
(22753386, 18322954, './layouts/b_black', 'N', '20180313122519', 22754231, '1.0'),
(22753387, 18322925, './addons/sxe_bbcode_lite', 'N', '20180318084307', 22754233, '0.1'),
(22753388, 18322923, './modules/sejin7940_nick', 'N', '20180313224638', 22755824, '1.2'),
(22753390, 18322925, './addons/sxe_writing_format', 'N', '20180317003418', 22754246, '0.2'),
(22753393, 18322925, './addons/sxe_ncenter_plus', 'N', '20180312172119', 22754245, '0.2'),
(22753396, 18322923, './modules/ximember', 'N', '20180317090014', 22754333, '1.4'),
(22753397, 18322923, './modules/board_extend', 'N', '20180317210632', 22754254, '1.1'),
(22753489, 18322925, './addons/member_ajaxboard', 'N', '20180313045738', 22754483, '2.1.1'),
(22753399, 18322943, './modules/ncenterlite/skins/wild_ones', 'N', '20180312165931', 22754258, '0.1'),
(22753403, 18322927, './widgets/opageWidget', 'N', '20180317234339', 22754271, '1.0'),
(22753406, 18322929, './modules/editor/components/map_components', 'N', '20180318100840', 22755647, '1.4'),
(22753408, 18322925, './addons/member_extra_vars_check', 'N', '20180316111139', 22754283, '1.0'),
(22753411, 18322925, './addons/block_control', 'N', '20180317210435', 22754291, '1.0'),
(22753413, 18322927, './widgets/sitemap_selectbox', 'N', '20180307032640', 22754293, '0.1.0'),
(22753416, 18322925, './addons/auto_multimedia', 'N', '20180318084551', 22754308, '1.0'),
(22753417, 18322925, './addons/addon_write_insert_media', 'N', '20180312111324', 22754309, '0.1'),
(22753419, 18322925, './addons/addon_insert_video', 'N', '20180317113646', 22754313, '0.1'),
(22753420, 18322923, './modules/pointhistory', 'N', '20180318093116', 22755663, '0.2.1'),
(22753422, 18322950, './widgets/treasurej_popular/skins/smart_popular_tabs', 'N', '20180315193455', 22754327, '1.1'),
(22753429, 18322943, './modules/board/skins/sosi_memo', 'N', '20180316121632', 22754360, '0.1'),
(22753434, 18322923, './modules/profiler', 'N', '20180317004424', 22754941, '1.0'),
(22753437, 18322950, './widgets/calendar/skins/UXF_CALENDER_TYPE_01', 'N', '20180317174155', 22754368, '1.1.0'),
(22753449, 18322925, './addons/xss_session_protector', 'N', '20180316080059', 22754383, '0.1'),
(22753457, 18322954, './layouts/simplicity', 'N', '20180313163038', 22754391, '1.0'),
(22753458, 18322925, './addons/youtube_control', 'N', '20180317065349', 22754991, '1.3'),
(22753459, 18322923, './modules/maps', 'N', '20180318085346', 22755385, '1.1.5'),
(22753460, 18322927, './widgets/maps_widget', 'N', '20180316203024', 22755384, '1.1.5'),
(22753462, 18322925, './addons/download_wanna_reply', 'N', '20180308004604', 22754407, '1.0'),
(22753463, 18322925, './addons/image_preview', 'N', '20180301022410', 22754413, '1.0'),
(22753464, 18322943, './modules/board/skins/mixitup', 'N', '20180318090142', 22754418, '1.0'),
(22753465, 18322923, './modules/easyxe', 'N', '20180318084415', 22755347, '1.43.1'),
(22753466, 18322925, './addons/auto_nick', 'N', '20180307033636', 22754428, '1.0');
INSERT INTO `yeonriji_autoinstall_packages` (`package_srl`, `category_srl`, `path`, `have_instance`, `updatedate`, `latest_item_srl`, `version`) VALUES
(22753474, 18322943, './modules/lottery/skins/eond_v1', 'N', '20180314112755', 22754439, '0.1'),
(22753475, 18322943, './modules/board/skins/bbsmusic', 'N', '20180317223319', 22754834, '1.7.105'),
(22753476, 18322954, './layouts/CustomStrap', 'N', '20180318090511', 22754447, '1.0'),
(22753478, 18322927, './widgets/ggwmmemberexcel_widget', 'N', '20180316090416', 22754450, '0.1'),
(22753481, 18322925, './addons/sejin7940_kakao_link', 'N', '20180318092045', 22754488, '0.5.2'),
(22753482, 18322925, './addons/tag_relation_add', 'N', '20180317233328', 22754457, '1.4.1'),
(22753484, 18322925, './addons/html5multimedia_flash', 'N', '20180316002136', 22754465, '1.0.0'),
(22753488, 18322923, './modules/sitemap', 'N', '20180318101010', 22755639, '1.3'),
(22753492, 18322925, './addons/okiz_easyadmin_logout', 'N', '20180312152141', 22754522, '1.1'),
(22753497, 18994170, './modules/board/m.skins/ms_m_board', 'N', '20180317160253', 22755358, '1.5.1'),
(22753498, 18322950, './widgets/login_info/skins/eond_ppomppu', 'N', '20180316234036', 22754494, '1.0'),
(22753500, 18322925, './addons/sejin7940_addvote', 'N', '20180317105519', 22755698, '1.3'),
(22753501, 18322925, './addons/ssl_support', 'N', '20180315133811', 22754509, '0.1'),
(22753504, 18322923, './modules/timeline', 'N', '20180318103109', 22755266, '1.0.2'),
(22753506, 18322925, './addons/hot_document', 'N', '20180315163307', 22754766, '1.2.3'),
(22753508, 18322925, './addons/sejin7940_all_notice', 'N', '20180316193401', 22754697, '1.4'),
(22753510, 18322925, './addons/member_block_addon', 'N', '20180318092539', 22754665, '0.4'),
(22753512, 18322927, './widgets/magiccontentWidget', 'N', '20180318085003', 22754746, '1.1'),
(22753515, 18322925, './addons/denied_word', 'N', '20180307083213', 22754797, '1.002'),
(22753517, 18322923, './modules/bulkmsg', 'N', '20180316223107', 22754543, '1.0'),
(22753534, 18322925, './addons/auto_reply', 'N', '20180316181750', 22754579, '0.1a'),
(22753535, 18322927, './widgets/doorweb_content', 'N', '20180318093705', 22754622, '1.7.2'),
(22753538, 18322954, './layouts/doorweb_basic', 'N', '20180318093705', 22754722, '1.7.7'),
(22753540, 18322923, './modules/stats', 'N', '20180318053511', 22754620, '1.1.1'),
(22753541, 18322923, './modules/marketplace', 'N', '20180318043117', 22754737, '1.3'),
(22753542, 18994172, './m.layouts/sweetMobile', 'N', '20180317204102', 22754694, '1.4'),
(22753543, 18322950, './widgets/mcontent/skins/sweetMobileContent', 'N', '20180318110057', 22754588, '1.0'),
(22753545, 18322929, './modules/editor/components/markdown', 'N', '20180318090617', 22756020, '1.0'),
(22753546, 18322925, './addons/login_2sisstore', 'N', '20180317031621', 22755326, '1.1'),
(22753550, 18322925, './addons/stats', 'N', '20180318061739', 22754602, '1.1'),
(22753552, 18322923, './modules/pado_ajax_newsModule', 'N', '20180318084243', 22754727, '1.5'),
(22753553, 18322954, './layouts/material_xe', 'N', '20180316140125', 22754773, '1.0.1'),
(22753555, 18322943, './modules/member/skins/material_xe', 'N', '20180318093718', 22754608, '1.0.0'),
(22753556, 18322927, './widgets/pado_ajax_newsWidget', 'N', '20180318082241', 22754726, '1.9'),
(22753558, 18994170, './modules/board/m.skins/sweetMobileBoard', 'N', '20180317200859', 22754647, '1.2'),
(22753559, 18322954, './layouts/xet_onecolor', 'N', '20180317113504', 22754842, '1.0.5'),
(22753560, 18322927, './widgets/pado_board_rankingWidget', 'N', '20180318101915', 22755211, '1.2'),
(22753561, 18322954, './layouts/ts_basic', 'N', '20180316192349', 22754619, '1.0'),
(22753562, 18322952, './widgetstyles/sweetMobileWidgetStyle', 'N', '20180313072923', 22754626, '1.7'),
(22753563, 18322923, './modules/apporix', 'N', '20180318081043', 22754631, '1.0'),
(22753564, 18322925, './addons/apporix', 'N', '20180309184157', 22754645, '1.1'),
(22753565, 18322923, './modules/smith', 'N', '20180316160818', 22754636, '1.1'),
(22753566, 18322943, './modules/editor/skins/sejin7940_editor_fileupload', 'N', '20180317220139', 22754637, '0.5'),
(22753567, 18322950, './widgets/login_info/skins/simplicity_login', 'N', '20180318100253', 22754649, '1.7'),
(22753568, 18322943, './modules/editor/skins/sejin7940_editor_blank', 'N', '20180315103940', 22754639, '0.5'),
(22753570, 18322925, './addons/message_btn', 'N', '20180318094951', 22754743, '1.1'),
(22753571, 18322923, './modules/exam', 'N', '20180318085013', 22754771, '0.8'),
(22753572, 18322954, './layouts/websitebuilder', 'N', '20180317182855', 22754679, '1.0.1'),
(22753573, 18994172, './m.layouts/xenon_hs', 'N', '20180318004801', 22754659, '0.1.0'),
(22753575, 18322943, './modules/board/skins/ASXE_FLAT', 'N', '20180317125037', 22754714, '1.1'),
(22753576, 18322954, './layouts/ASXE_FLAT', 'N', '20180314174733', 22754715, '1.1'),
(22753581, 18322925, './addons/apporix_native_alert', 'N', '20180313220831', 22754678, '0.1'),
(22753582, 18322927, './widgets/ding_loginWidget', 'N', '20180318010201', 22755210, '0.6'),
(22753587, 18322954, './layouts/miku_daisuki', 'N', '20180312221512', 22754733, '1.0'),
(22753588, 18322923, './modules/moneyhistory', 'N', '20180318101632', 22754731, '0.1.4'),
(22753594, 18322925, './addons/session_shield', 'N', '20180318004551', 22756003, '2.0.1'),
(22753600, 18322927, './widgets/ding_member_ranking', 'N', '20180306030506', 22754905, '1.5'),
(22753603, 18322927, './widgets/widget_marketplace', 'N', '20180318010024', 22754783, '0.1.1'),
(22753605, 18322927, './widgets/padoLittleBanner', 'N', '20180318010239', 22754817, '0.4'),
(22753685, 18322925, './addons/no_adblock', 'N', '20180306205243', 22755161, '1.1.3'),
(22753606, 18322925, './addons/level_permit', 'N', '20180318082949', 22754795, '0.1'),
(22753607, 18322925, './addons/member_doc', 'N', '20180312160745', 22754796, '0.2'),
(22753608, 18322925, './addons/denied_exist', 'N', '20180307203638', 22754798, '0.2'),
(22753609, 18322925, './addons/regdate_edit', 'N', '20180316184234', 22754803, '0.1'),
(22753610, 18322925, './addons/poll_point', 'N', '20180316145258', 22754813, '0.2'),
(22753612, 18322925, './addons/select_addon', 'N', '20180312161337', 22754818, '1.0'),
(22753614, 18322927, './widgets/pado_image_news', 'N', '20180318010219', 22755163, '0.3'),
(22753615, 18322927, './widgets/nkoclock', 'N', '20180307031900', 22754823, '0.1'),
(22753616, 18322927, './widgets/uhachat', 'N', '20180316132852', 22755376, '0.3'),
(22753617, 18322923, './modules/encryption', 'N', '20180312154802', 22755121, '1.2'),
(22753620, 18322927, './widgets/fixedNotice', 'N', '20180318010207', 22754854, '0.3'),
(22753622, 18322925, './addons/signoutdel', 'N', '20180307035357', 22754837, '0.1'),
(22753624, 18322923, './modules/member_condition', 'N', '20180318100545', 22755317, '1.0.2'),
(22753627, 18322925, './addons/fixed_notice', 'N', '20180318081033', 22754875, '1.1'),
(22753634, 18322927, './widgets/soo_kma_rss', 'N', '20180316142118', 22755438, '0.3.1'),
(22753633, 18322925, './addons/Ding_Fixed_Banner', 'N', '20180318092829', 22755314, '1.6'),
(22753637, 18322923, './modules/androidpushapp', 'N', '20180317150157', 22755682, '2.1'),
(22753636, 18322923, './modules/auto_login', 'N', '20180318092444', 22754942, '1.1.4'),
(22753638, 18322943, './modules/editor/skins/ck_xpress', 'N', '20180317235719', 22754981, '1.0.2'),
(22753639, 18322925, './addons/Ding_Light_Box', 'N', '20180318101619', 22755312, '1.2'),
(22753640, 18322925, './addons/autolang', 'N', '20180318102711', 22754915, '1.0'),
(22753645, 18322950, './widgets/content/skins/notice_slider', 'N', '20180316183923', 22754937, '1.1'),
(22753646, 18322925, './addons/fix_domain', 'N', '20180316153447', 22754935, '1.0.0'),
(22753647, 18322923, './modules/schedule', 'N', '20180318095510', 22754990, '1.1'),
(22753648, 18322925, './addons/bot_challenge', 'N', '20180317171549', 22755249, '1.0.5'),
(22753651, 18322923, './modules/vote', 'N', '20180317093815', 22755019, '1.1.4'),
(22753652, 18322925, './addons/point_pangpang', 'N', '20180315220334', 22755059, '1.5.2'),
(22753653, 18322925, './addons/content_regex_filter', 'N', '20180316120036', 22754961, '0.2'),
(22753654, 18322929, './modules/editor/components/srook_maker', 'N', '20180317114454', 22754966, '1.0'),
(22753655, 18322923, './modules/beluxe', 'N', '20180317205708', 22755255, '2.8.3'),
(22753657, 18322925, './addons/remail', 'N', '20180316115145', 22754984, '1.0'),
(22753658, 18322925, './addons/zipperupper', 'N', '20180223234249', 22755026, '0.3'),
(22753660, 18322954, './layouts/ding_default_layout', 'N', '20180318005647', 22755044, '1.1'),
(22753662, 18322954, './layouts/xe_kimtajo_layout', 'N', '20180317201211', 22755545, '2.03'),
(22753663, 18322923, './modules/speedlimiter', 'N', '20180316165502', 22755981, '1.5'),
(22753666, 18322927, './widgets/jwplayer', 'N', '20180318084805', 22755048, '2.0.0'),
(22753667, 18322925, './addons/requirefile', 'N', '20180312150500', 22755038, '1.01'),
(22753674, 18322943, './modules/beluxe/skins/dxblog', 'N', '20180318093841', 22755246, '1.3'),
(22753677, 18322923, './modules/advanced_mailer', 'N', '20180317231422', 22756008, '1.8.3'),
(22753678, 18322927, './widgets/youtube', 'N', '20180317142715', 22755381, '1.3.0.'),
(22753680, 18322943, './modules/beluxe/skins/dxreview', 'N', '20180318080848', 22755245, '1.3'),
(22753684, 18322925, './addons/lua_external_file', 'N', '20180304181340', 22755147, '0.0.3'),
(22753688, 18322927, './widgets/best_content', 'N', '20180316214141', 22755148, '1.0'),
(22753689, 18322929, './modules/editor/components/btn_add', 'N', '20180318094544', 22755152, '0.3'),
(22753692, 18322927, './widgets/androidapp_login', 'N', '20180312234953', 22755388, '1.4'),
(22753693, 18322925, './addons/outdated_browser', 'N', '20180318083653', 22755188, '1.1.1'),
(22753695, 18322925, './addons/lua_hashtag', 'N', '20180307034218', 22755190, '0.0.1'),
(22753696, 18322925, './addons/lua_shortcut', 'N', '20180303081320', 22755315, '1.1'),
(22753698, 18322950, './widgets/sitemap/skins/eond_hmap', 'N', '20180312172058', 22755200, '0.1'),
(22753699, 18322950, './widgets/planet_document/skins/eond_on', 'N', '20180318082645', 22755212, '0.3'),
(22753702, 18322925, './addons/document_permission_control_by_author', 'N', '20180314184152', 22755263, '0.2'),
(22753703, 18322925, './addons/image_new_windows', 'N', '20180308190942', 22755252, '1.1'),
(22753706, 18322925, './addons/adsense_helper', 'N', '20180312163836', 22755268, '1.0'),
(22753710, 18322954, './layouts/creative_sim', 'N', '20180311215401', 22755295, '1.0.1'),
(22753711, 18322954, './layouts/sim_blog', 'N', '20180314000914', 22755296, '1.1.1'),
(22753712, 18322954, './layouts/xit', 'N', '20180316223204', 22755284, '1.0'),
(22753713, 18322954, './layouts/xecafe', 'N', '20180316223159', 22755285, '1.0'),
(22753717, 18322923, './modules/member_expire', 'N', '20180318093502', 22756005, '1.2.7'),
(22753720, 18322954, './layouts/simblog2', 'N', '20180318023923', 22755305, '1.0'),
(22753721, 18322927, './widgets/daum_postcode', 'N', '20180312151328', 22755318, '0.1.1'),
(22753722, 18322925, './addons/latex', 'N', '20180317225331', 22755316, '1.7'),
(22753723, 18322925, './addons/auto_secret', 'N', '20180317165517', 22755355, '1.1'),
(22753724, 18322923, './modules/freedownload', 'N', '20180318095454', 22755331, '1.1'),
(22753725, 18322927, './widgets/pado_comment_rankingWidget', 'N', '20180318010148', 22755325, '1.0'),
(22753726, 18322923, './modules/imageprocess', 'N', '20180316222819', 22755587, '2.1.1.1'),
(22753727, 18322943, './modules/board/skins/ena_board_set_simpledashed', 'N', '20180317200433', 22755328, '1.0.0'),
(22753733, 18322927, './widgets/kimtajo_subpage_widget', 'N', '20180307040408', 22755346, '1.0'),
(22753815, 18322925, './addons/member_realname', 'N', '20180316111450', 22755592, '0.2'),
(22753741, 18322927, './widgets/eond_fileboxBanner', 'N', '20180313144327', 22755364, '0.1'),
(22753742, 18322954, './layouts/basic_tpl_c', 'N', '20180318093705', 22755404, '1.04'),
(22753743, 18322954, './layouts/yourfoliomain', 'N', '20180314183406', 22755394, '0.1'),
(22753745, 18322925, './addons/auto_comment_allow', 'N', '20180318080633', 22755397, '1.0'),
(22753748, 18322925, './addons/admin_hide', 'N', '20180318084448', 22755416, '1.0'),
(22753755, 18322925, './addons/fixed_img', 'N', '20180318102415', 22755449, '1.3'),
(22753759, 18322923, './modules/laweb_xe', 'N', '20180317210759', 22755702, '3.10'),
(22753768, 18322927, './widgets/contactfree', 'N', '20180318092422', 22755456, '1.0'),
(22753769, 18322954, './layouts/freelancer', 'N', '20180318111842', 22755465, '1.00'),
(22753770, 18322925, './addons/ggwoorimailscrap', 'N', '20180312160822', 22755522, '0.3'),
(22753779, 18994170, './modules/board/m.skins/BlueRock', 'N', '20180318093828', 22755476, '0.1'),
(22753780, 18994172, './m.layouts/BlueRock', 'N', '20180317171659', 22755477, '0.1'),
(22753787, 18322954, './layouts/kimtajo_responsive_one_page', 'N', '20180316201941', 22755594, '1.03'),
(22753791, 18322923, './modules/yeyak', 'N', '20180318100500', 22756011, '2.2.3'),
(22753796, 18322925, './addons/fix_mysql_utf8', 'N', '20180316121942', 22755521, '1.0'),
(22753797, 18322925, './addons/autoattach', 'N', '20180316181345', 22755954, '1.1.4'),
(22753798, 18322927, './widgets/ggward', 'N', '20180316090405', 22755532, '0.2'),
(22753799, 18322927, './widgets/ggnewsletter', 'N', '20180318102454', 22755533, '0.2'),
(22753881, 18322925, './addons/clamav', 'N', '20180309184138', 22755764, '1.0.0'),
(22753800, 18322925, './addons/web_fonts', 'N', '20180310022254', 22755550, '1.1'),
(22753801, 18322954, './layouts/xedition_r', 'N', '20180318091715', 22755551, '1.9'),
(22753802, 18322950, './widgets/uhachat/skins/pinklet', 'N', '20180316081125', 22755553, '0.1'),
(22753806, 18322923, './modules/mailing', 'N', '20180318102445', 22755557, '0.5'),
(22753807, 18322925, './addons/hello_member', 'N', '20180316153103', 22755565, '1.1.0.0'),
(22753811, 18322923, './modules/opensearch', 'N', '20180318101600', 22755570, '1.0'),
(22753817, 18322943, './modules/board/skins/simple_banner', 'N', '20180317214406', 22755613, '1.1'),
(22753818, 18322923, './modules/phpexcel_module', 'N', '20180314105557', 22755598, '0.1'),
(22753820, 18322954, './layouts/kimtajo_onepage_widget_layout', 'N', '20180316114454', 22755601, '1.00'),
(22753822, 18322927, './widgets/onepage_about', 'N', '20180318091827', 22755603, '1.00'),
(22753823, 18322927, './widgets/onepage_features', 'N', '20180311145151', 22755604, '1.00'),
(22753824, 18322927, './widgets/onepage_pricing', 'N', '20180318101755', 22755605, '1.00'),
(22753825, 18322927, './widgets/onepage_service', 'N', '20180311145154', 22755606, '1.00'),
(22753826, 18322927, './widgets/onepage_team', 'N', '20180311145205', 22755607, '1.00'),
(22753827, 18322927, './widgets/onepage_testimonial', 'N', '20180318081102', 22755608, '1.00'),
(22753828, 18322927, './widgets/onepage_work', 'N', '20180311145208', 22755609, '1.00'),
(22753833, 18322943, './modules/board/skins/Horizon', 'N', '20180318094826', 22755713, '1.4'),
(22753835, 18994172, './m.layouts/phizmobile_m', 'N', '20180318094812', 22755630, '1.8.1'),
(22753837, 18994170, './modules/page/m.skins/main02_MobileM', 'N', '20180316081039', 22755631, '1.0'),
(22753838, 18322923, './modules/phizeditormobile', 'N', '20180317165810', 22755632, '1.8.0'),
(22753840, 18994170, './modules/board/m.skins/phiz_mboard', 'N', '20180317165809', 22755633, '1.8.1'),
(22753841, 18322943, './modules/board/skins/phiz_mboard', 'N', '20180317112819', 22755634, '1.8.1'),
(22753842, 18322923, './modules/sitemaplite', 'N', '20180318094324', 22756007, '1.1.2'),
(22753845, 18322952, './widgetstyles/clearstrap_ws', 'N', '20180318100639', 22755645, '1.0'),
(22753846, 18322925, './addons/no_act', 'N', '20180313235004', 22755661, '0.3'),
(22753847, 18322954, './layouts/stellar', 'N', '20180317164443', 22755946, '1.0.2'),
(22753849, 18322925, './addons/block_search', 'N', '20180317194249', 22755674, '1.0'),
(22753850, 18322925, './addons/login_redirect', 'N', '20180315100513', 22755675, '1.0'),
(22753851, 18322925, './addons/backspace_killer', 'N', '20180315215859', 22755676, '1.0'),
(22753852, 18322925, './addons/noduplicate', 'N', '20180315210321', 22755677, '1.0'),
(22753856, 18322954, './layouts/magik', 'N', '20180316170335', 22755690, '1.0'),
(22753857, 18322923, './modules/notifymessage', 'N', '20180315123926', 22755694, '1.0.1'),
(22753859, 18322927, './widgets/widget_rssreader', 'N', '20180318094330', 22755695, '1.8.25'),
(22753861, 18322923, './modules/roulette', 'N', '20180306214049', 22755708, '0.3'),
(22753863, 18322923, './modules/couponsms', 'N', '20180318083755', 22755709, '1.0'),
(22753864, 18322923, './modules/layout_manager', 'N', '20180307113226', 22755722, '0.1'),
(22753865, 18322923, './modules/supercache', 'N', '20180317133925', 22756004, '1.3.6'),
(22753866, 18322927, './widgets/widget_update_document', 'N', '20180316103012', 22755718, '0.1'),
(22753867, 18322954, './layouts/Door_cpA_limit', 'N', '20180316235048', 22755752, '1.2'),
(22753868, 18322950, './widgets/content/skins/Door_cpA', 'N', '20180316184028', 22755724, '0.1'),
(22753870, 18322927, './widgets/uchat2', 'N', '20180318011128', 22755905, '1.0.5'),
(22753871, 18322954, './layouts/Door_cpB_limit', 'N', '20180318093712', 22755754, '1.4'),
(22753872, 18322950, './widgets/content/skins/Door_cpB', 'N', '20180318093713', 22755744, '1.7'),
(22753876, 18322952, './widgetstyles/greenButtonStyle', 'N', '20180312151733', 22755756, '0.1'),
(22753889, 18322927, './widgets/sitemap7', 'N', '20180318100127', 22755786, '0.1.0'),
(22753885, 18322925, './addons/ext_ad_membership', 'N', '20180307042302', 22755775, '0.2'),
(22753886, 18322977, './modules/point/icons/las_icon', 'N', '20180317155702', 22755781, '0.2'),
(22753890, 18322923, './modules/blind', 'N', '20180316094632', 22755799, '0.3'),
(22753891, 18322923, './modules/cympuser', 'N', '20180317011715', 22755803, '2.5.2'),
(22753892, 18322954, './layouts/ena_creamy', 'N', '20180317205729', 22755817, '1.0'),
(22753893, 18322943, './modules/board/skins/ena_board_set_mellow', 'N', '20180316225344', 22755855, '1.1.1'),
(22753894, 18322923, './modules/randocument', 'N', '20180316130822', 22755828, '1.0'),
(22753895, 18322923, './modules/etorrent', 'N', '20180316191058', 22755829, '0.1'),
(22753896, 18322927, './widgets/etorrent_pop', 'N', '20180316080135', 22755830, '0.1'),
(22753898, 18322925, './addons/datasaver_warning', 'N', '20180311180809', 22755847, '1.0'),
(22753900, 18322954, './layouts/undeviating', 'N', '20180317182213', 22755942, '1.0.1'),
(22753901, 18322925, './addons/zhttps', 'N', '20180318013428', 22755861, '1.0'),
(22753902, 18322925, './addons/replace_word', 'N', '20180313044141', 22755873, '1.1'),
(22753904, 18322925, './addons/only_once_comment', 'N', '20180302141549', 22755872, '1.0'),
(22753905, 18322923, './modules/voteextend', 'N', '20180315215011', 22755884, '1.88'),
(22753906, 18322943, './modules/message/skins/stalla', 'N', '20180317141513', 22755891, '1.0'),
(22753907, 18994170, './modules/message/m.skins/stalla', 'N', '20180316081032', 22755892, '1.0'),
(22753909, 18322925, './addons/google_recaptcha', 'N', '20180318063716', 22755900, '1.0'),
(22753915, 18322954, './layouts/J_Furniture', 'N', '20180318010335', 22755994, '2.0'),
(22753917, 18322954, './layouts/J_Finder', 'N', '20180318105742', 22756013, '1.3'),
(22753916, 18322950, './widgets/content/skins/J_Furniture', 'N', '20180318010335', 22755993, '1.1'),
(22753918, 18322950, './widgets/content/skins/J_Finder_scroll', 'N', '20180318083459', 22755914, '1.0'),
(22753919, 18322950, './widgets/content/skins/J_Finder', 'N', '20180318105725', 22755915, '1.0'),
(22753920, 18322954, './layouts/J_Flex', 'N', '20180318005430', 22755939, '1.4'),
(22753925, 18322954, './layouts/J_Maltese', 'N', '20180314160052', 22755949, '1.4'),
(22753926, 18322950, './widgets/content/skins/J_Maltese_Left', 'N', '20180313164308', 22755928, '1.0'),
(22753927, 18322950, './widgets/content/skins/J_Maltese_Right', 'N', '20180313164308', 22755948, '1.1'),
(22753929, 18322950, './widgets/login_info/skins/j_maltese_login', 'N', '20180313235455', 22755940, '1.1'),
(22753930, 18322925, './addons/number_dice', 'N', '20180318085031', 22755945, '1.0'),
(22753933, 18322943, './modules/board/skins/insp_yotube', 'N', '20180317223733', 22755979, '1.0'),
(22753934, 18322925, './addons/zipdownload', 'N', '20180316123714', 22755990, '1.1'),
(22753935, 18322923, './modules/admin_menu', 'N', '20180314150813', 22755982, '1.0'),
(22753936, 18322923, './modules/file_log', 'N', '20180318051703', 22755983, '1.7'),
(22753937, 18322954, './layouts/equeer_layout', 'N', '20180317200251', 22755985, '1.4.5'),
(22753940, 18322925, './addons/theme_admin', 'N', '20180316075648', 22756006, '1.3'),
(22753941, 18322943, './modules/board/skins/uikit', 'N', '20180317063034', 22756000, '1.0.15.1'),
(22753939, 18322950, './widgets/point_status/skins/equeer_point', 'N', '20180316081114', 22755987, '0.2'),
(22753942, 18322954, './layouts/root_basic_layout', 'N', '20180318010247', 22756002, '1.0'),
(22753943, 18322943, './modules/board/skins/aplos_v2', 'N', '20180317235532', 22756037, '2.1.6.1');

-- --------------------------------------------------------

--
-- 테이블 구조 `yeonriji_comments`
--

CREATE TABLE `yeonriji_comments` (
  `comment_srl` bigint(11) NOT NULL,
  `module_srl` bigint(11) NOT NULL DEFAULT '0',
  `document_srl` bigint(11) NOT NULL DEFAULT '0',
  `parent_srl` bigint(11) NOT NULL DEFAULT '0',
  `is_secret` char(1) NOT NULL DEFAULT 'N',
  `content` longtext NOT NULL,
  `voted_count` bigint(11) NOT NULL DEFAULT '0',
  `blamed_count` bigint(11) NOT NULL DEFAULT '0',
  `notify_message` char(1) NOT NULL DEFAULT 'N',
  `password` varchar(60) DEFAULT NULL,
  `user_id` varchar(80) DEFAULT NULL,
  `user_name` varchar(80) NOT NULL,
  `nick_name` varchar(80) NOT NULL,
  `member_srl` bigint(11) NOT NULL,
  `email_address` varchar(250) NOT NULL,
  `homepage` varchar(250) NOT NULL,
  `uploaded_count` bigint(11) NOT NULL DEFAULT '0',
  `regdate` varchar(14) DEFAULT NULL,
  `last_update` varchar(14) DEFAULT NULL,
  `ipaddress` varchar(128) NOT NULL,
  `list_order` bigint(11) NOT NULL,
  `status` bigint(1) NOT NULL DEFAULT '1'
) ENGINE=MyISAM DEFAULT CHARSET=utf8;

--
-- 테이블의 덤프 데이터 `yeonriji_comments`
--

INSERT INTO `yeonriji_comments` (`comment_srl`, `module_srl`, `document_srl`, `parent_srl`, `is_secret`, `content`, `voted_count`, `blamed_count`, `notify_message`, `password`, `user_id`, `user_name`, `nick_name`, `member_srl`, `email_address`, `homepage`, `uploaded_count`, `regdate`, `last_update`, `ipaddress`, `list_order`, `status`) VALUES
(320, 144, 313, 0, 'N', '좋아요', 0, 0, 'N', NULL, 't319', '김삼식', '회원1', 319, 'guest_1@test.com', '', 0, '20180318121446', '20180318121446', '::1', -322, 1),
(324, 144, 313, 320, 'N', '좋구요', 0, 0, 'N', NULL, 't319', '김삼식', '회원1', 319, 'guest_1@test.com', '', 0, '20180318121500', '20180318121500', '::1', -326, 1),
(328, 144, 309, 0, 'N', '<p>ㅇㅇㅇㅇㅇㅇ</p>', 0, 0, 'N', NULL, 't319', '김삼식', '회원1', 319, 'guest_1@test.com', '', 0, '20180318121546', '20180318121546', '::1', -330, 1),
(332, 144, 309, 0, 'N', '질문이요', 0, 0, 'N', NULL, 't319', '김삼식', '회원1', 319, 'guest_1@test.com', '', 0, '20180318121558', '20180318121558', '::1', -334, 1),
(336, 144, 309, 0, 'N', '저기요', 0, 0, 'N', NULL, 't319', '김삼식', '회원1', 319, 'guest_1@test.com', '', 0, '20180318121607', '20180318121607', '::1', -338, 1),
(381, 254, 380, 0, 'N', '월간', 0, 0, 'N', NULL, 'yeonriji', 'admin', 'yeonriji', 4, 'duqwo06@naver.com', '', 0, '20180318140836', '20180318140836', '::1', -382, 1),
(384, 254, 380, 0, 'N', '월간?', 0, 0, 'N', NULL, 't319', '김삼식', '회원1', 319, 'guest_1@test.com', '', 0, '20180318140907', '20180318140907', '::1', -386, 1),
(388, 254, 380, 0, 'N', '연리지??', 0, 0, 'N', NULL, 't319', '김삼식', '회원1', 319, 'guest_1@test.com', '', 0, '20180318140923', '20180318140923', '::1', -390, 1),
(396, 254, 394, 0, 'N', '반가워요 ㅎ', 0, 0, 'N', NULL, 'yeonriji', 'admin', 'yeonriji', 4, 'duqwo06@naver.com', '', 0, '20180318141147', '20180318141147', '::1', -397, 1),
(399, 254, 394, 0, 'N', '저도요 반갑습니다 ㅎ', 0, 0, 'N', NULL, 't319', '김삼식', '회원1', 319, 'guest_1@test.com', '', 0, '20180318141201', '20180318141201', '::1', -401, 1),
(403, 254, 394, 399, 'N', '네 ㅎㅎ', 0, 0, 'N', NULL, 'yeonriji', 'admin', 'yeonriji', 4, 'duqwo06@naver.com', '', 0, '20180318141215', '20180318141215', '::1', -404, 1);

-- --------------------------------------------------------

--
-- 테이블 구조 `yeonriji_comments_list`
--

CREATE TABLE `yeonriji_comments_list` (
  `comment_srl` bigint(11) NOT NULL,
  `document_srl` bigint(11) NOT NULL DEFAULT '0',
  `head` bigint(11) NOT NULL DEFAULT '0',
  `arrange` bigint(11) NOT NULL DEFAULT '0',
  `module_srl` bigint(11) NOT NULL DEFAULT '0',
  `regdate` varchar(14) DEFAULT NULL,
  `depth` bigint(11) NOT NULL DEFAULT '0'
) ENGINE=MyISAM DEFAULT CHARSET=utf8;

--
-- 테이블의 덤프 데이터 `yeonriji_comments_list`
--

INSERT INTO `yeonriji_comments_list` (`comment_srl`, `document_srl`, `head`, `arrange`, `module_srl`, `regdate`, `depth`) VALUES
(320, 313, 320, 320, 144, '20180318121446', 0),
(324, 313, 320, 324, 144, '20180318121500', 1),
(328, 309, 328, 328, 144, '20180318121546', 0),
(332, 309, 332, 332, 144, '20180318121558', 0),
(336, 309, 336, 336, 144, '20180318121607', 0),
(381, 380, 381, 381, 254, '20180318140836', 0),
(384, 380, 384, 384, 254, '20180318140907', 0),
(388, 380, 388, 388, 254, '20180318140923', 0),
(396, 394, 396, 396, 254, '20180318141147', 0),
(399, 394, 399, 399, 254, '20180318141201', 0),
(403, 394, 399, 403, 254, '20180318141215', 1);

-- --------------------------------------------------------

--
-- 테이블 구조 `yeonriji_comment_declared`
--

CREATE TABLE `yeonriji_comment_declared` (
  `comment_srl` bigint(11) NOT NULL,
  `declared_count` bigint(11) NOT NULL DEFAULT '0'
) ENGINE=MyISAM DEFAULT CHARSET=utf8;

-- --------------------------------------------------------

--
-- 테이블 구조 `yeonriji_comment_declared_log`
--

CREATE TABLE `yeonriji_comment_declared_log` (
  `comment_srl` bigint(11) NOT NULL,
  `member_srl` bigint(11) NOT NULL,
  `ipaddress` varchar(128) NOT NULL,
  `regdate` varchar(14) DEFAULT NULL
) ENGINE=MyISAM DEFAULT CHARSET=utf8;

-- --------------------------------------------------------

--
-- 테이블 구조 `yeonriji_comment_voted_log`
--

CREATE TABLE `yeonriji_comment_voted_log` (
  `comment_srl` bigint(11) NOT NULL,
  `member_srl` bigint(11) NOT NULL,
  `ipaddress` varchar(128) NOT NULL,
  `regdate` varchar(14) DEFAULT NULL,
  `point` bigint(11) NOT NULL
) ENGINE=MyISAM DEFAULT CHARSET=utf8;

-- --------------------------------------------------------

--
-- 테이블 구조 `yeonriji_counter_log`
--

CREATE TABLE `yeonriji_counter_log` (
  `site_srl` bigint(11) NOT NULL DEFAULT '0',
  `ipaddress` varchar(250) NOT NULL,
  `regdate` varchar(14) DEFAULT NULL,
  `user_agent` varchar(250) DEFAULT NULL
) ENGINE=MyISAM DEFAULT CHARSET=utf8;

-- --------------------------------------------------------

--
-- 테이블 구조 `yeonriji_counter_site_status`
--

CREATE TABLE `yeonriji_counter_site_status` (
  `site_srl` bigint(11) NOT NULL,
  `regdate` bigint(11) NOT NULL,
  `unique_visitor` bigint(11) DEFAULT '0',
  `pageview` bigint(11) DEFAULT '0'
) ENGINE=MyISAM DEFAULT CHARSET=utf8;

-- --------------------------------------------------------

--
-- 테이블 구조 `yeonriji_counter_status`
--

CREATE TABLE `yeonriji_counter_status` (
  `regdate` bigint(11) NOT NULL,
  `unique_visitor` bigint(11) DEFAULT '0',
  `pageview` bigint(11) DEFAULT '0'
) ENGINE=MyISAM DEFAULT CHARSET=utf8;

-- --------------------------------------------------------

--
-- 테이블 구조 `yeonriji_documents`
--

CREATE TABLE `yeonriji_documents` (
  `document_srl` bigint(11) NOT NULL,
  `module_srl` bigint(11) NOT NULL DEFAULT '0',
  `category_srl` bigint(11) NOT NULL DEFAULT '0',
  `lang_code` varchar(10) NOT NULL DEFAULT '',
  `is_notice` char(1) NOT NULL DEFAULT 'N',
  `title` varchar(250) DEFAULT NULL,
  `title_bold` char(1) NOT NULL DEFAULT 'N',
  `title_color` varchar(7) DEFAULT NULL,
  `content` longtext NOT NULL,
  `readed_count` bigint(11) NOT NULL DEFAULT '0',
  `voted_count` bigint(11) NOT NULL DEFAULT '0',
  `blamed_count` bigint(11) NOT NULL DEFAULT '0',
  `comment_count` bigint(11) NOT NULL DEFAULT '0',
  `trackback_count` bigint(11) NOT NULL DEFAULT '0',
  `uploaded_count` bigint(11) NOT NULL DEFAULT '0',
  `password` varchar(60) DEFAULT NULL,
  `user_id` varchar(80) DEFAULT NULL,
  `user_name` varchar(80) NOT NULL,
  `nick_name` varchar(80) NOT NULL,
  `member_srl` bigint(11) NOT NULL,
  `email_address` varchar(250) NOT NULL,
  `homepage` varchar(250) NOT NULL,
  `tags` text,
  `extra_vars` text,
  `regdate` varchar(14) DEFAULT NULL,
  `last_update` varchar(14) DEFAULT NULL,
  `last_updater` varchar(80) DEFAULT NULL,
  `ipaddress` varchar(128) NOT NULL,
  `list_order` bigint(11) NOT NULL,
  `update_order` bigint(11) NOT NULL,
  `allow_trackback` char(1) NOT NULL DEFAULT 'Y',
  `notify_message` char(1) NOT NULL DEFAULT 'N',
  `status` varchar(20) DEFAULT 'PUBLIC',
  `comment_status` varchar(20) DEFAULT 'ALLOW'
) ENGINE=MyISAM DEFAULT CHARSET=utf8;

--
-- 테이블의 덤프 데이터 `yeonriji_documents`
--

INSERT INTO `yeonriji_documents` (`document_srl`, `module_srl`, `category_srl`, `lang_code`, `is_notice`, `title`, `title_bold`, `title_color`, `content`, `readed_count`, `voted_count`, `blamed_count`, `comment_count`, `trackback_count`, `uploaded_count`, `password`, `user_id`, `user_name`, `nick_name`, `member_srl`, `email_address`, `homepage`, `tags`, `extra_vars`, `regdate`, `last_update`, `last_updater`, `ipaddress`, `list_order`, `update_order`, `allow_trackback`, `notify_message`, `status`, `comment_status`) VALUES
(152, 66, 0, 'ko', 'N', 'Untitled', 'N', 'N', '<img alt=\"\" src=\"image/people.jpg\" style=\"float: left; width: 450px; height: 300px;\" />', 0, 0, 0, 0, 0, 0, NULL, 'yeonriji', 'admin', 'yeonriji', 4, 'duqwo06@naver.com', '', '', 'N;', '20180228134648', '20180228135445', NULL, '::1', -152, -156, 'N', 'N', 'PUBLIC', 'DENY'),
(157, 66, 0, 'ko', 'N', '&nbsp;경북 교사학습 ...', 'N', 'N', '<span style=\"font-size:17px;\"><span style=\"font-\'바탕체\';\">&nbsp;경북 교사학습 공동체 &#39;연.리.지&#39;는 2015년 부터 현재까지 지속되고 있는 인성중심수업 연구회로, 6명의 열정적인 교사로 구성되어 있습니다. 무료 교육잡지인 월간 연리지 발간을 통해 학생 인성역량 강화에 도움을 줄 수 있는 인성교육프로그램을 현장에 전달하고 있으며, 이와 더불어 교구제작 및 인성수업컨설팅을 실시하고 있다.</span></span>', 0, 0, 0, 0, 0, 0, NULL, 'yeonriji', 'admin', 'yeonriji', 4, 'duqwo06@naver.com', '', '', 'N;', '20180228140003', '20180309032434', NULL, '::1', -157, -236, 'N', 'N', 'PUBLIC', 'DENY'),
(92, 66, 0, 'ko', 'N', 'Welcome mobile XE', 'N', 'N', '<link rel=\"stylesheet\" href=\"./layouts/xedition/css/welcome.css\" />\n<div class=\"welcomeXE\">\n	<section class=\"intro\">\n		<span class=\"noti\">WELCOME TO</span>\n		<h1 class=\"tit\">WELCOME TO XPRESSENGINE</h1>\n		<P class=\"cont\">XpressEngine은 자유로운 웹 콘텐츠 발행을 돕는 CMS입니다.<br />간편한 설치와 다양한 추가 프로그램을 활용하여<br /> 자신만의 웹페이지를 쉽고 빠르게 만들 수 있습니다.</P>\n		<a href=\"/index.php?module=admin\" target=\"_blank\" class=\"btn_start\">XE 시작하기</a>\n	</section>\n</div>\n', 0, 0, 0, 0, 0, 0, NULL, 'yeonriji', 'admin', 'yeonriji', 4, 'duqwo06@naver.com', '', NULL, 'N;', '20180226013241', '20180226013241', NULL, '::1', -92, -92, 'N', 'N', 'PUBLIC', 'DENY'),
(161, 66, 0, 'ko', 'N', '&nbsp; 학습공동체의 시작', 'N', 'N', '<span style=\"font-size:36px;\"><span style=\"font-family:Times New Roman,Times,serif;\"><strong style=\"font-size: 32px;\">&nbsp; 학습공동체의 시작</strong></span></span>', 0, 0, 0, 0, 0, 0, NULL, 'yeonriji', 'admin', 'yeonriji', 4, 'duqwo06@naver.com', '', '', 'N;', '20180228140838', '20180309033003', NULL, '::1', -161, -240, 'N', 'N', 'PUBLIC', 'DENY'),
(175, 150, 0, 'ko', 'N', '1번 입니다입니다입니다입니다입니다입니다입니다', 'N', 'N', '<p>1번 입니다입니다입니다입니다입니다입니다입니다1번 입니다입니다입니다입니다입니다입니다입니다1번 입니다입니다입니다입니다입니다입니다입니다</p>\n\n<p>1번 입니다입니다입니다입니다입니다입니다입니다</p>\n\n<p>1번 입니다입니다입니다입니다입니다입니다입니다</p>\n\n<p>1번 입니다입니다입니다입니다입니다입니다입니다</p>\n\n<p>&nbsp;</p>\n\n<p>1번 입니다입니다입니다입니다입니다입니다입니다1번 입니다입니다입니다입니다입니다입니다입니다1번 입니다입니다입니다입니다입니다입니다입니다</p>\n\n<p>1번 입니다입니다입니다입니다입니다입니다입니다1번 입니다입니다입니다입니다입니다입니다입니다</p>\n\n<p>1번 입니다입니다입니다입니다입니다입니다입니다</p>\n\n<p>1번 입니다입니다입니다입니다입니다입니다입니다</p>\n\n<p>&nbsp;</p>\n\n<p>1번 입니다입니다입니다입니다입니다입니다입니다1번 입니다입니다입니다입니다입니다입니다입니다</p>', 0, 0, 0, 0, 0, 0, NULL, 'yeonriji', 'admin', 'yeonriji', 4, 'duqwo06@naver.com', '', NULL, 'N;', '20180306043831', '20180306043831', NULL, '::1', -175, -175, 'N', 'N', 'PUBLIC', 'ALLOW'),
(176, 150, 0, 'ko', 'N', '2번 입니다입니다입니다입니다입니다입니다입니다', 'N', 'N', '<p><img alt=\"\" src=\"image/people.jpg\" style=\"width: 1920px; height: 1281px;\" /></p>\n\n<p>&nbsp;</p>\n\n<p>2번 입니다입니다입니다입니다입니다입니다입니다2번 입니다입니다입니다입니다입니다입니다입니다</p>\n\n<p>2번 입니다입니다입니다입니다입니다입니다입니다</p>\n\n<p>2번 입니다입니다입니다입니다입니다입니다입니다2번 입니다입니다입니다입니다입니다입니다입니다2번 입니다입니다입니다입니다입니다입니다입니다2번 입니다입니다입니다입니다입니다입니다입니다</p>\n\n<p>2번 입니다입니다입니다입니다입니다입니다입니다2번 입니다입니다입니다입니다입니다입니다입니다2번 입니다입니다입니다입니다입니다입니다입니다2번 입니다입니다입니다입니다입니다입니다입니다</p>\n\n<p>2번 입니다입니다입니다입니다입니다입니다입니다</p>\n\n<p>2번 입니다입니다입니다입니다입니다입니다입니다2번 입니다입니다입니다입니다입니다입니다입니다2번 입니다입니다입니다입니다입니다입니다입니다</p>\n\n<p>2번 입니다입니다입니다입니다입니다입니다입니다</p>\n\n<p>&nbsp;</p>', 0, 0, 0, 0, 0, 0, NULL, 'yeonriji', 'admin', 'yeonriji', 4, 'duqwo06@naver.com', '', '', 'N;', '20180306043918', '20180307015131', NULL, '::1', -176, -197, 'N', 'N', 'PUBLIC', 'ALLOW'),
(203, 150, 0, 'ko', 'N', '333333sdfasfasdfadfsadfasdffds', 'N', 'N', '<p><img alt=\"\" src=\"image/people.jpg\" style=\"width: 1920px; height: 1281px;\" /></p>\n\n<p>alkjsdlfjaskljfalkdsfj</p>\n\n<p>sdkjfkaj</p>\n\n<p>dfkjasdfjajfajsfaj</p>\n\n<p>asdjf</p>\n\n<p>ajsd</p>\n\n<p>ajf</p>\n\n<p>jadf</p>\n\n<p>jasdjf</p>\n\n<p>afdasdfasdf</p>', 0, 0, 0, 0, 0, 0, NULL, 'yeonriji', 'admin', 'yeonriji', 4, 'duqwo06@naver.com', '', NULL, 'N;', '20180307021046', '20180307021046', NULL, '::1', -203, -203, 'N', 'N', 'PUBLIC', 'ALLOW'),
(204, 150, 0, 'ko', 'N', '4444 safwefawefa', 'N', 'N', '<p><img alt=\"\" src=\"image/people.jpg\" style=\"width: 300px; height: 200px;\" />aksjdfljaksdlfalks</p>\n\n<p>df</p>\n\n<p>aksdfkajsdkfaksjdfkasdfaeewvavwa</p>', 0, 0, 0, 0, 0, 0, NULL, 'yeonriji', 'admin', 'yeonriji', 4, 'duqwo06@naver.com', '', NULL, 'N;', '20180307021114', '20180307021114', NULL, '::1', -204, -204, 'N', 'N', 'PUBLIC', 'ALLOW'),
(205, 150, 0, 'ko', 'N', '555555', 'N', 'N', '<p><img alt=\"\" src=\"image/people.jpg\" style=\"width: 300px; height: 200px;\" />asdfasdf</p>\n\n<p>555555</p>', 0, 0, 0, 0, 0, 0, NULL, 'yeonriji', 'admin', 'yeonriji', 4, 'duqwo06@naver.com', '', NULL, 'N;', '20180307021133', '20180307021133', NULL, '::1', -205, -205, 'N', 'N', 'PUBLIC', 'ALLOW'),
(206, 150, 0, 'ko', 'N', '66666', 'N', 'N', '<p><img alt=\"\" src=\"image/people.jpg\" style=\"width: 200px; height: 133px;\" />6666</p>', 0, 0, 0, 0, 0, 0, NULL, 'yeonriji', 'admin', 'yeonriji', 4, 'duqwo06@naver.com', '', NULL, 'N;', '20180307021146', '20180307021146', NULL, '::1', -206, -206, 'N', 'N', 'PUBLIC', 'ALLOW'),
(207, 150, 0, 'ko', 'N', '77777777', 'N', 'N', '<p><img alt=\"\" src=\"image/people.jpg\" style=\"width: 700px; height: 467px;\" />777777</p>', 0, 0, 0, 0, 0, 0, NULL, 'yeonriji', 'admin', 'yeonriji', 4, 'duqwo06@naver.com', '', NULL, 'N;', '20180307021200', '20180307021200', NULL, '::1', -207, -207, 'N', 'N', 'PUBLIC', 'ALLOW'),
(208, 150, 0, 'ko', 'N', '888888', 'N', 'N', '<p><img alt=\"\" src=\"image/people.jpg\" style=\"width: 800px; height: 534px;\" />888888</p>', 0, 0, 0, 0, 0, 0, NULL, 'yeonriji', 'admin', 'yeonriji', 4, 'duqwo06@naver.com', '', '', 'N;', '20180307021213', '20180308013336', NULL, '::1', -208, -219, 'N', 'N', 'PUBLIC', 'ALLOW'),
(209, 150, 0, 'ko', 'N', '9999', 'N', 'N', '<p><img alt=\"\" src=\"image/people.jpg\" style=\"width: 290px; height: 193px;\" />999</p>', 0, 0, 0, 0, 0, 0, NULL, 'yeonriji', 'admin', 'yeonriji', 4, 'duqwo06@naver.com', '', '', 'N;', '20180307021232', '20180308011654', NULL, '::1', -209, -216, 'N', 'N', 'PUBLIC', 'ALLOW'),
(241, 173, 0, 'ko', 'N', 'test1', 'N', 'N', '<p>1</p>', 0, 0, 0, 0, 0, 0, NULL, 'yeonriji', 'admin', 'yeonriji', 4, 'duqwo06@naver.com', '', NULL, 'N;', '20180311005756', '20180311005756', NULL, '::1', -241, -241, 'N', 'N', 'PUBLIC', 'ALLOW'),
(242, 173, 0, 'ko', 'N', 'test2', 'N', 'N', '<p>2</p>', 0, 0, 0, 0, 0, 0, NULL, 'yeonriji', 'admin', 'yeonriji', 4, 'duqwo06@naver.com', '', NULL, 'N;', '20180311005811', '20180311005811', NULL, '::1', -242, -242, 'N', 'N', 'PUBLIC', 'ALLOW'),
(243, 173, 0, 'ko', 'N', 'test3', 'N', 'N', '<p>3</p>', 0, 0, 0, 0, 0, 0, NULL, 'yeonriji', 'admin', 'yeonriji', 4, 'duqwo06@naver.com', '', NULL, 'N;', '20180311005818', '20180311005818', NULL, '::1', -243, -243, 'N', 'N', 'PUBLIC', 'ALLOW'),
(244, 173, 0, 'ko', 'N', 'test4', 'N', 'N', '<p>4</p>', 0, 0, 0, 0, 0, 0, NULL, 'yeonriji', 'admin', 'yeonriji', 4, 'duqwo06@naver.com', '', NULL, 'N;', '20180311005824', '20180311005824', NULL, '::1', -244, -244, 'N', 'N', 'PUBLIC', 'ALLOW'),
(245, 173, 0, 'ko', 'N', 'test5', 'N', 'N', '<p>5</p>', 0, 0, 0, 0, 0, 0, NULL, 'yeonriji', 'admin', 'yeonriji', 4, 'duqwo06@naver.com', '', NULL, 'N;', '20180311005832', '20180311005832', NULL, '::1', -245, -245, 'N', 'N', 'PUBLIC', 'ALLOW'),
(246, 173, 0, 'ko', 'N', 'test6', 'N', 'N', '<p>6</p>', 0, 0, 0, 0, 0, 0, NULL, 'yeonriji', 'admin', 'yeonriji', 4, 'duqwo06@naver.com', '', NULL, 'N;', '20180311005839', '20180311005839', NULL, '::1', -246, -246, 'N', 'N', 'PUBLIC', 'ALLOW'),
(247, 173, 0, 'ko', 'N', 'test6', 'N', 'N', '<p>6</p>', 0, 0, 0, 0, 0, 0, NULL, 'yeonriji', 'admin', 'yeonriji', 4, 'duqwo06@naver.com', '', NULL, 'N;', '20180311005849', '20180311005849', NULL, '::1', -247, -247, 'N', 'N', 'PUBLIC', 'ALLOW'),
(248, 173, 0, 'ko', 'N', 'test8', 'N', 'N', '<p>8</p>', 0, 0, 0, 0, 0, 0, NULL, 'yeonriji', 'admin', 'yeonriji', 4, 'duqwo06@naver.com', '', NULL, 'N;', '20180311005858', '20180311005858', NULL, '::1', -248, -248, 'N', 'N', 'PUBLIC', 'ALLOW'),
(249, 173, 0, 'ko', 'N', 'test9', 'N', 'N', '<p>9</p>', 0, 0, 0, 0, 0, 0, NULL, 'yeonriji', 'admin', 'yeonriji', 4, 'duqwo06@naver.com', '', NULL, 'N;', '20180311005905', '20180311005905', NULL, '::1', -249, -249, 'N', 'N', 'PUBLIC', 'ALLOW'),
(250, 173, 0, 'ko', 'N', 'yesy10', 'N', 'N', '<p>10</p>', 0, 0, 0, 0, 0, 0, NULL, 'yeonriji', 'admin', 'yeonriji', 4, 'duqwo06@naver.com', '', NULL, 'N;', '20180311005914', '20180311005914', NULL, '::1', -250, -250, 'N', 'N', 'PUBLIC', 'ALLOW'),
(251, 173, 0, 'ko', 'N', 'test11', 'N', 'N', '<p>11</p>', 0, 0, 0, 0, 0, 0, NULL, 'yeonriji', 'admin', 'yeonriji', 4, 'duqwo06@naver.com', '', NULL, 'N;', '20180311005919', '20180311005919', NULL, '::1', -251, -251, 'N', 'N', 'PUBLIC', 'ALLOW'),
(252, 173, 0, 'ko', 'N', 'test12', 'N', 'N', '<p>12</p>', 0, 0, 0, 0, 0, 0, NULL, 'yeonriji', 'admin', 'yeonriji', 4, 'duqwo06@naver.com', '', NULL, 'N;', '20180311005926', '20180311005926', NULL, '::1', -252, -252, 'N', 'N', 'PUBLIC', 'ALLOW'),
(346, 256, 0, 'ko', 'N', '멤버6', 'N', 'N', '&nbsp;<img src=\"http://localhost/files/attach/images/256/346/6e2ec43fe66add787ad403461f911728.jpg\" alt=\"6.jpg\" width=\"640\" height=\"599\" /> <p>&nbsp;</p>', 0, 0, 0, 0, 0, 1, NULL, 'yeonriji', 'admin', 'yeonriji', 4, 'duqwo06@naver.com', '', '', 'N;', '20180318125627', '20180318125644', NULL, '::1', -346, -348, 'N', 'N', 'PUBLIC', 'ALLOW'),
(349, 256, 0, 'ko', 'N', '멤버5', 'N', 'N', '&nbsp;<img src=\"http://localhost/files/attach/images/256/349/8031ca1b469b8faf2f80f9bd754a3eed.jpg\" alt=\"5.jpg\" width=\"640\" height=\"486\" /> <p>&nbsp;</p>', 0, 0, 0, 0, 0, 1, NULL, 'yeonriji', 'admin', 'yeonriji', 4, 'duqwo06@naver.com', '', NULL, 'N;', '20180318125715', '20180318125715', NULL, '::1', -349, -349, 'N', 'N', 'PUBLIC', 'ALLOW'),
(351, 256, 0, 'ko', 'N', '멤버4', 'N', 'N', '&nbsp;<img src=\"http://localhost/files/attach/images/256/351/05d8490b3b5bbc8ecc333058e771a41b.jpg\" alt=\"4.jpg\" width=\"640\" height=\"479\" /> <p>&nbsp;</p>', 0, 0, 0, 0, 0, 1, NULL, 'yeonriji', 'admin', 'yeonriji', 4, 'duqwo06@naver.com', '', NULL, 'N;', '20180318125747', '20180318125747', NULL, '::1', -351, -351, 'N', 'N', 'PUBLIC', 'ALLOW'),
(353, 256, 0, 'ko', 'N', '멤버3', 'N', 'N', '&nbsp;<img src=\"http://localhost/files/attach/images/256/353/3f510ba5f0995a324cb42e6936bee211.jpg\" alt=\"3.jpg\" width=\"640\" height=\"640\" /> <p>&nbsp;</p>', 0, 0, 0, 0, 0, 1, NULL, 'yeonriji', 'admin', 'yeonriji', 4, 'duqwo06@naver.com', '', NULL, 'N;', '20180318125812', '20180318125812', NULL, '::1', -353, -353, 'N', 'N', 'PUBLIC', 'ALLOW'),
(374, 268, 0, 'ko', 'N', '늙는다는 것, 그리고 계속 살아간다는 것 &lt;더 히어로&gt;', 'N', 'N', '<p><img src=\"http://localhost/files/attach/images/268/374/a901da02bc391335e47a6dfae7019b68.jpg\" alt=\"111.jpg\" width=\"1000\" height=\"563\" /> <p>&nbsp;</p> 2018년 1월의 &lsquo;어수선한 영화 이야기&rsquo;에서 만나본 영화는 &lt;더 히어로&gt;. 노년의 삶과 사랑을 담은 &lt;아이 윌 씨 유 인 마이 드림스&gt;으로 호평을 받은 바 있는 &lsquo;브렛 헤일리&rsquo; 감독의 신작이다. 2017년 선댄스 영화제에서 공개되어 역시 호평을 받았다. 1969년 &lt;내일을 향해 쏴라&gt;의 단역으로 시작해 50년 가까이 스크린과 브라운관을 오가며 개성 있는 연기를 선보인 &lsquo;샘 엘리어트&rsquo;가 주인공 &lsquo;리&rsquo; 역을 맡았으며, TV 시트콤 &lt;요절복통 70쇼&gt;와 넷플리스의 인기 시리즈 &lt;오렌지 이즈 더 뉴 블랙&gt;으로 우리에게도 잘 알려진 &lsquo;로라 프레폰&rsquo;이 &lsquo;리&rsquo;와 세대 차이를 극복하고 교감하는 &lsquo;샬롯&rsquo; 역을 연기했다. 전작 &lt;아이 윌 씨 유 인 마이 드림스&gt;를 통해 &lsquo;샘 엘리어트&rsquo;와 개인적으로 가까워진 감독이 이 배우의 실제 모습을 모티브로 만든 작품이다.</p> <p>&lt;더 히어로&gt;는 대표작이 단 하나뿐인 왕년의 무비스타 &lsquo;리 헤이든&rsquo;이 자신이 암에 걸렸다는 사실을 알게 되면서 벌어지는 이야기이다. &lsquo;리&rsquo;는 어느 날 서부극 보존 협회에서 평생 공로상 수상자로 선정되었다는 연락을 받고 시상식에 참석하는데, 약에 취해 벌인 즉흥적이고 진솔한 수상 소감이 인터넷에서 화제가 되면서 다시 오디션의 기회를 얻는다. 친구의 집에서 우연히 만난 젊고 아름다운 여성 &lsquo;샬롯&rsquo;과의 관계도 &lsquo;리&rsquo;에게는 뜻밖의 선물 같은 일이다. 예상 가능한 경로를 조금씩 빗겨나가는 전개와 과하지도 뻔하지 않은 장면 연출이 돋보이는 작품이며, 늙는다는 것, 그리고 계속 살아간다는 것의 의미를 곱씹어볼 수 있다.</p> <p>윤종신, 김세윤, 배순탁, 김이나, 그리고 임필성이 &lt;더 히어로&gt;를 보고 감상을 나누었다.</p>', 0, 0, 0, 0, 0, 1, NULL, 'yeonriji', 'admin', 'yeonriji', 4, 'duqwo06@naver.com', '', NULL, 'N;', '20180318133525', '20180318133525', NULL, '::1', -374, -374, 'N', 'N', 'PUBLIC', 'ALLOW'),
(372, 270, 0, 'ko', 'N', '그럼에도 김사과를 추천합니다', 'N', 'N', '<p>&nbsp;</p> <p style=\"text-align: center;\"><img src=\"http://localhost/files/attach/images/270/372/e497406d93afe65c8c8d8fa75f030e2e.jpg\" alt=\"2222222.jpg\" width=\"600\" height=\"455\" /></p><p>&nbsp;</p> 몇 해 전 일인데도 기억에 생생하다. &lsquo;수정&rsquo;과 검은 고양이의 처절한 실랑이가 벌어지는 페이지를 읽는 동안, 나는 한 번도 생각해본 적 없고 받아들이고 싶지도 않은 나에 대한 어떤 점을 깨달았다. 그것은&hellip;, 내가 살아 있는 동물―검은 고양이 같은―을 죽일 수도 있는 인간이라는 것이다. 식은땀이 날 만큼 끔찍한 깨달음이지만, 생생한 묘사를 읽다 스스로를 발견하게 되었다는 점에서 긍정적으로 인식되는, 묘한 경험이었다. 그런 강렬한 체험은 처음이었다. 다른 사람들은 어떻게 생각할지 궁금해져서 주변 사람들에게 이 소설, 김사과의 『미나』를 추천하며 감상을 얘기해달라고 했다. 말로만 추천하면 안 읽을 것 같아서 책을 선물하며 후기를 구하다 문득, 이 소설은 &lsquo;선물&rsquo;해도 되는 것일까, 하는 생각이 들었다.<p>&nbsp;</p> <p>김사과 소설의 폭력과 잔인함은 『미나』에서 갓 자라나고 있는 수준이었다면, 『테러의 시』에선 다 여물다 못해 터져버린다. 이 책을 읽어가는 일 역시 무척 괴로웠지만, 어딘가 마음에 들어서 주변 사람들에게 추천하려 했는데 또 좀 망설여졌다. 이 소설은 &lsquo;추천&rsquo;해도 되는 것일까. 읽다 보면 감당하기 힘든 폭력과 잔인함에 잠시 허공을 보며 쉬기를 반복하게 되지만, 읽기를 그만둘 마음이 들진 않았다. 괴롭지만 &lsquo;볼만한 것을 보고 있다&rsquo;는 생각이 들었다.</p> <p>김사과의 소설은 내가 사는 이곳의 &ldquo;병든 아름다움*&rdquo;으로 꽉 차 있다. 미쳐 있다는 것을 알지만 왠지 모르게 매료되는 혹은 매혹되었다고 착각하게 하는 &lsquo;현실&rsquo;이 폭력적이고 과장된 옷을 입어 더 분명하고 창창하게 보인다. 이 현실에 분노한 미친 인물들이 소설을 풀어간다. 소설 속 인물들은 대개 낭만이나 뒤끝 같은 게 없고 단호하며 끝장까지 간다. 파국으로 치닫는다.</p> <p>이 과정은 그 자체로 날것이고 강인해서 매력이 있다. 그리고 어떤 통찰과 통쾌함을 준다. 이를테면 &lsquo;그래, 모두 썩었고 미쳤지. 다 작살이 나야 한다&rsquo; 같은. 그러다 종국에는 희미하게 &lsquo;나라도 착하게, 아니 덜 나쁘게 살자&rsquo;는 마음이 드는데, 아무래도 소설이 그리는 세계에 넌덜머리가 나서 그런 것 같다. 세계의 속살이 이미 꽤 폭력적이고 잔인하다고 생각하는 것은 너무 비관적일까. 나보다 더 분노한 미친 인물들이 현실을 부서뜨리는 것을 지켜보는 일은 위에서 얘기한 것과 같은 감정의 양상을 만들어낸다. 그 과정은 괴롭지만 재미있고 나름 의미도 있다고 생각한다. 그래서 결국, 김사과를 추천하고 싶다.</p> <p>* &ldquo;병든 아름다움&rdquo;은 김사과의 표현을 그대로 가져온 것이다.</p>', 0, 0, 0, 0, 0, 1, NULL, 'yeonriji', 'admin', 'yeonriji', 4, 'duqwo06@naver.com', '', '', 'N;', '20180318133424', '20180318135239', NULL, '::1', -372, -379, 'N', 'N', 'PUBLIC', 'ALLOW'),
(369, 272, 0, 'ko', 'N', '『무례한 사람에게 웃으며 대처하는 법』 &amp; 『며느라기』', 'N', 'N', '<p>&nbsp;</p> <p style=\"text-align: center;\"><img src=\"http://localhost/files/attach/images/272/369/b4465cc734dfa71632e1b671b98cf728.jpg\" alt=\"333.jpg\" width=\"300\" height=\"434\" /></p><p>&nbsp;</p> 때로는 &lsquo;전술&rsquo;이 필요할 때가 있다. 특히 인간관계를 맺는 것이 인생 최대의 숙제라거나 사람들을 만나고 집에 돌아와 &lsquo;내가 왜 그런 말을 했지?&rsquo;, &lsquo;그 사람은 도대체 나한테 왜 이럴까&rsquo;를 끊임없이 후회하고 곱씹어보는 사람이라면 더더욱 말이다.<p>&nbsp;</p> <p>『무례한 사람에게 웃으며 대처하는 법』은 &lsquo;갑자기 선을 훅 넘는 사람들에게 감정의 동요 없이 &ldquo;금 밟으셨어요&rdquo;하고 알려줄 방법&rsquo;에 관한 에세이이다. 이 책에서는 출퇴근길에서, 회사에서, 일상 곳곳에서 만나는 무례한 사람 앞에서 진짜 하고 싶은 말을 머뭇거리게 될 때 사람들이 자신을 이기적이고 못된 사람이라고 오해할까 봐, &lsquo;너 왜 이렇게 예민하니&rsquo; 같은 말을 수도 없이 들으며 받은 쉽게 꺼내지 못했던 상처를 다양한 사례를 들어 분석한다. 또 이 모든 무례함이 한국 사회의 가부장제, 만연한 갑질 등 아직 바뀌지 않은 여러 문제에서 나온다는 것을 이야기하면서, 마음에 상처를 받지 않고 이를 단단히 넘길 수 있는 해결책을 제시하기도 한다.</p> <p>1장 &lsquo;착한 사람이 될 필요 없어&rsquo;에는 당당하다는 표현이 불편한 이유, 자존감 낮은 애인과의 권태기, 후려치기에 대한 이야기를, 2장 &lsquo;좋게좋게 넘어가지 않아야 좋은 세상이 온다&rsquo;에는 낮은 자존감 때문에 생기는 마음의 변화를 예로 들어 &lsquo;인정받기 위해 무리할 필요&rsquo;가 없다는 조언을 담았다. 3장에서 5장까지는 여러 방법론을 이야기하는데 &lsquo;자기표현의 근육을 키우는 법&rsquo;, &lsquo;부정적인 말에 압도당하지 않는 습관&rsquo;, &lsquo;무례한 사람에게 웃으며 대처하는 법&rsquo;을 주제로 어떻게 하면 상대방에게 불편함을 세련되게 표현할 수 있을지를 이야기한다. 이 책에서는 하나의 방법으로 &ldquo;그렇게 생각하시는군요&rdquo;와 &ldquo;그건 제가 알아서 할게요&rdquo; 같은 말을 권하는데, 가까운 언젠가 이 대신 &ldquo;어떻게 그런 식으로 말할 수 있죠?&rdquo;, &ldquo;저 지금 너무 불쾌하네요&rdquo;와 같은 명확하고 건조한 언어로 소통해도 아무런 불이익과 상처가 없기를, 그렇게 되기를 바라본다. 우리는 씩씩하게 실천하고, 단단하게 살아 나갈 것이다. (유정미)<br />&nbsp;</p><p style=\"text-align: center;\"><img src=\"http://localhost/files/attach/images/272/369/02dff661b355e4c636ba0a8bba1887ab.jpg\" alt=\"3333333.jpg\" width=\"458\" height=\"558\" /></p><p>&nbsp;</p> <p>&nbsp;</p>', 0, 0, 0, 0, 0, 2, NULL, 'yeonriji', 'admin', 'yeonriji', 4, 'duqwo06@naver.com', '', '', 'N;', '20180318133323', '20180318135225', NULL, '::1', -369, -378, 'N', 'N', 'PUBLIC', 'ALLOW'),
(367, 274, 0, 'ko', 'N', '내가 죽으려 했던 것은*', 'N', 'N', '<p>&nbsp;</p> <p><br /><img src=\"http://localhost/files/attach/images/274/367/94c9f59b6d39f09d2ba1ce0176bd63d5.jpg\" alt=\"4444.jpg\" width=\"1000\" height=\"667\" /> <p><br /><br><br /><br type=\"_moz\" /></br>&nbsp;</p> <br />한 여자가 한남대교에 매달려서 자살을 시도하고 있었다. 유경은 통근 버스의 스크린을 통해서 그 소식을 접했다. 강남으로 향하는 470번 버스 안이었다. 화면 하단에 빨간 배경에 하얀 글씨로 &lsquo;속보&rsquo;라는 단어가 나타나기가 무섭게 버스를 가득 채운 사람들이 웅성거렸다. 뭐야, 무슨 일이야? 아무 의미가 없는 질문이었다. 버스가 을지로를 지날 무렵이었다.<br /> 한남대교는 자살하기에 좋은 장소는 아니었다. 바로 근처에 커다란 종합병원이 있어서, 자칫하면 과도한 의료적 처치를 받아 운 나쁘게 목숨을 건질 가능성이 너무 높았다. 군부대가 근처에 있다는 점도 마이너스 요인이었다. 그러니까 그녀가 정말 죽고 싶었다면 자살 시도 수 1위에 빛나는 마포대교나, 그에 뒤지지 않는 실적의 성산대교 따위를 찾아가는 쪽이 더 나았을 것이다.<br /> 버스가 모퉁이를 돌았다. 이번 정류장은 남대문 세무서, 서울 백병원입니다. 다음 역은 한남오거리입니다. 유경이 내려야 할 정류장이 가까워지고 있었다. 버스는 남산터널로 접어들었다. 뉴스 화면에는 한남대교에서의 자살 시도에 대한 속보가 끊임없이 흘러나왔다. 유경은 창밖을 보았다. 터널 안에 다닥다닥 붙은 타일밖에 보이지 않았다. 사람들은 이제 웅성거리지조차 않았다. 그저 스마트폰 화면 위로 고개를 숙인 채 그녀의 아직 밝혀지지 않은 운명을 열심히 탐구할 뿐이었다. 유경은 버스에서 빨리 내리고 싶었다. 이렇게까지 출근을 하고 싶어서 견딜 수 없는 것은 처음 겪는 일이었다.</p> <p>이상하리만치 할 일이 없는 날이었다. 개시를 한 지 제법 오랜 시간이 지난 것 같은데 시계를 보면 겨우 두 시간이 지나 있었다. 그 두 시간 내내, 유경은 도저히 가만히 있지를 못했다. 벽장 안에 남아 있는 테이크아웃 잔의 개수를 세었고, 스팀기 노즐을 다섯 번씩 청소했고, 녹차 파우더 재고를 반복해서 확인했다. 손님은 오지 않았다.<br /> 자꾸만 오늘 아침 버스 안에서 들은 자살 시도자의 소식이 궁금해서 견딜 수가 없었다. 그런 거 함부로 궁금해하는 거 아니야. 싱크대의 물기를 문질러 닦으며 유경은 자기 자신에게 타일렀다. 그렇지만, 그렇지만 정말로 죽고 싶다면 한남대교는 절대로 좋은 장소가 아니라는 사실을 꼭 알려줘야만 할 것 같았다.<br /> 마침내 가게 문이 열렸다. 한 무리의 여자들이 들어왔다. 옷차림을 보아하니 근처 주민 모임인 듯했다. 차라리 죽어버리고 싶다니까. 누군가 그렇게 말하자 다른 일행들이 까르르 웃었다. 얘, 너는 무슨 말을 그렇게 하고 그래. 유경은 죽어버리고 싶다고 한 사람이 누구인지 궁금했다. 그러나 일행은 곧 카페의 제일 안쪽, 기둥에 가려서 잘 보이지 않는 소파 좌석으로 몸을 숨겨버리고 말았다. 라떼 두 잔, 아메리카노 두 잔, 모카 한 잔, 블랙 포레스트 케이크와 플로팅 아일랜드. 에스프레소 기계가 미세하게 진동했다.</p> <p>그러니까 딱 한 번, 유경은 한남대교를 걸어서 건너본 적이 있었다. 옛 친구를 만나고 헤어진 후의 일이었다. 가로수길 근처에서 만나서 저녁을 먹고, 조금 산책을 하기로 했었다. 여름이었고, 밤공기가 후덥지근했다. 산책은 길게 이어지지 않았다. 두 사람 사이에 오갈 수 있는 대화의 양이 너무 적었기 때문이었다. 그렇다고 그들은 침묵을 견디며 함께 걸을 수 있을 만한 사이도 아니었다.<br /> 친구는 곧 버스정류장이 나온다며 인사를 건넸다. 유경도 근처에서 지하철을 타면 된다고 대답했다. 거짓말이었다. 유경은 자기가 어디에 있는지조차 몰랐다. 친구의 모습이 멀어지는 것을 확인하고 나서야, 유경은 핸드폰을 켜서 지도 앱을 확인했다. 유경이 있는 곳이 어떤 중학교 앞이라는 것 빼고는 유의미한 정보를 얻을 수 없었다. 하지만 집에는 돌아가고 싶지 않았다.<br /> 한남대교를 건너게 된 것은 순전히 우연이었다. 아무 생각 없이 친구가 걸어간 방향과 반대로 걷기 시작했을 뿐인데, 어느새인가 보도가 조금씩 가팔라지는가 싶더니, 눈앞에 큰 강과 한 방향으로만 뻗은 길이 펼쳐져 있었다. 유경은 잠시 고민했다. 걸어온 길을 되돌아가서 버스를 탈 수도 있었다. 그러나 유경은 걸음을 내디뎠다.<br /> 한강 다리는 생각보다 안전하지 않은 곳이었다. 인도와 차도의 구분이 희미했다. 유경은 다리를 걸어서 건너기로 한 것을 후회했다. 유경은 오른쪽을 보았다. 어느새 해가 완전히 져서, 하늘과 강이 구분이 가질 않았다. 두꺼운 습기를 뚫고 멀리서 건물들이 반짝거렸다. 예쁜 광경이었다.<br /> 오른발, 왼발, 오른발, 왼발. 유경의 왼편에는 시내버스와 자동차들이 연이어 달리고 있었다. 위협적일 정도로 빠른 속도였다. 유경은 시간을 확인했다. 퇴근 시간은 오래전에 지나 있었다. 유경은 열심히 발을 앞으로 움직였다. 자꾸만 시내버스가 내뿜는 미지근하고 독한 매연이 얼굴에, 팔에, 다리에 끼쳤다. 티셔츠가 땀으로 젖어가는 것이 느껴졌다.<br /> 맥주 마시고 싶다. 매연을 맞으며, 땀을 흘리며, 유경은 멍하게 생각했다. 마음만 먹으면 오른쪽으로 뛰어내릴 수 있었고, 왼쪽에서 무섭게 달리는 자동차들 사이로 뛰어들 수도 있었다. 어느 쪽이 나을까. 유경은 무려 세 갈래로 갈라진 길 위에 서 있었다. 유경은 선뜻 결정을 내리지 못했고, 다리는 걸으면 걸을수록 더 길게 늘어나는 것 같았다. 그리고 맥주를 마실 수 있는 선택지는 단 하나뿐이었다. 유경은 계속 걸었다.<br /> 땀을 뻘뻘 흘리며 한남대교를 건너고 나니 한남오거리가 나왔다. 왼쪽으로 가면 큰 병원이 있었고, 오른쪽으로 가면 친구가 이야기했던 유명한 빵집이 있었다. 유경은 어느 쪽으로도 가지 않았다. 매연과 땀과 여름밤 공기에 절은 유경에게 필요한 것은 단 하나, 시원한 맥주였다.<br /> 오래 걷지 않아 유경은 맥줏집을 발견할 수 있었다. 마침 바 자리가 비어 있었다. 유경은 바를 향해 걸어갔다. 친절한 바텐더가 유경을 환대해주었다. 유경은 맥주와 감자튀김을 시켰다. 오래 걸은 후에 마시는 맥주는 상큼하다 못해 신맛이 났다. 유경은 바 자리에 앉은 채로 가게 안을 바쁘게 오가는 사람들을 지켜보았고, 흰 벽에 영사되는, 이름을 잘 모르는 외국 축구팀의 경기를 지켜보았고, 맥주를 한 잔 더 마셨고, 다트 게임에 끼어들었고, 처음으로 즐겁다고 생각했고, 다트 게임에서 패배한 탓에 한 잔을 더 마셔야 했고, 그렇지만 즐거웠고, 그렇게 생각하기가 무섭게 그날 먹은 것을 다 토해내고 말았다.</p> <p>결국, 교대 시간까지 손님은 더 오지 않았다. 기껏 케이크를 주문해놓고 크림과 빵을 포크로 짓뭉개버리는 손님도, 테이크아웃 컵을 제대로 정리하지 않고 내다 버리는 손님도 용서할 수 있을 만한 마음의 준비가 되어 있었는데도 불구하고, 아무도 오지 않았다. 불안할 정도로 평온한 하루.<br /> 유경은 동료들에게 인사를 하고 가게를 나섰다. 지금 버스를 타면 한남대교나 남산터널의 저 지독한 교통 정체를 겪을 것이 뻔했다. 그전에 저녁을 먹어두는 것이 현명했다. 유경은 한남오거리 근처의 편의점을 향해서 걸었다. 유경이 나온 바로 그 문으로, 너덧 명의 사람들이 들어갔다.<br /> 집으로 돌아와 뉴스를 확인해보니, 그녀는 약 세 시간가량의 저항 끝에 자살을 포기했다고 헀다. 그녀가 어떤 이유로 자살을 하고 싶어했는지에 대해서는 어떤 뉴스에도 나와 있지 않았다. 유경은 노트북 화면을 닫았다. 자야 할 시간이었다.</p> <p>&nbsp;</p>', 0, 0, 0, 0, 0, 1, NULL, 'yeonriji', 'admin', 'yeonriji', 4, 'duqwo06@naver.com', '', NULL, 'N;', '20180318133151', '20180318133151', NULL, '::1', -367, -367, 'N', 'N', 'PUBLIC', 'ALLOW'),
(363, 276, 0, 'ko', 'N', '사랑에도 모양이 있나요? &lt;셰이프 오브 워터&gt;', 'N', 'N', '<p><img src=\"http://localhost/files/attach/images/276/363/0f704d699d25b396bf0aeda44b459ac2.jpg\" alt=\"555.jpg\" width=\"1000\" height=\"528\" /> <p>&nbsp;</p> &nbsp;</p> <p><br /><br />2018년 2월의 &lsquo;어수선한 영화 이야기&rsquo;에서 만나본 영화는 &lt;셰이프 오브 워터&gt;. &lt;헬보이&gt;, &lt;판의 미로&gt;, &lt;퍼시픽 림&gt; 등 30년 가까이 줄곧 개성 있는 괴수 판타지 영화를 만들어온 기예르모 델 토로 감독의 신작이다. 델 토로 감독의 작품 중 가장 대중적이면서도 가장 완성도가 높다는 평가를 받고 있다. 제74회 베니스국제영화제에서 황금사자상을, 제75회 골든 글로브에서 감독상과 음악상을 수상했으며, 제90회 아카데미에 최다 노미네이트(13개부문) 되었다. 최근 &lt;내 사랑&gt; 통해 국내 관객에게 친숙해진 샐리 호킨스가 주인공인 &lsquo;엘라이자&rsquo;를 맡았으며, 할리우드를 대표하는 연기파 배우 마이클 섀넌, 리처드 제킨스, 그리고 옥타비아 스펜서가 각각 엘라이자와 대립각을 세우는 보안책임자 &lsquo;스트릭랜드&rsquo;, 엘라이자의 이웃이자 친구 &lsquo;자일스&rsquo;, 그리고 엘라이자의 직장 동료 &lsquo;젤다&rsquo;를 연기했다.</p> <p>&lt;셰이프 오브 워터&gt;는 미국과 소련이 한참 대립각을 세우던 냉전 시대를 배경으로 펼쳐지는 인간과 괴생명체의 사랑 이야기이다. 미 항공우주 연구센터의 비밀 실험실에서 일하는 청소부 엘라이자는 어느 날 실험실에 끌려온 괴생명체를 발견하고, 지능은 물론 공감 능력까지 갖춘 그에게 점점 끌린다. 하지만 얼마 지나지 않아 당국에서는 괴생명체를 해부하여 우주 개발에 이용하려 하고, 엘라이자는 그를 실험실 밖으로 탈출시키기 위해 계획을 세운다. 영화는 인종과 성별과 종족을 가뿐히 뛰어넘는 이들의 낯설고 특별한 사랑을 통해 사랑에 대한 우리의 편견과 선입견을 재고하게 만든다. 그리고 특별한 모양이 없는 물처럼 사랑 역시 함부로 그 모양을 규정하거나 단정할 수 없다는 선명한 메시지를 전한다.</p> <p>윤종신, 김세윤, 배순탁, 김이나, 그리고 임필성이 &lt;셰이프 오브 워터&gt;를 보고 감상을 나누었다.</p> <p><strong>COMMENT</strong></p> <p>윤종신 &ldquo;델 토로 감독 같은 환자는 오래도록 낫지 않았으면 좋겠다.&rdquo;<br /> 김세윤 &ldquo;사랑에 대한 모든 것.&rdquo;<br /> 배순탁 &ldquo;마블의 판타지와는 다른 이유로 반드시 극장에서 봐야하는 작품.&rdquo;<br /> 김이나 &ldquo;사랑을 체험할 수 있게 해주는 영화.&rdquo;<br /> 임필성 &ldquo;사랑! 사랑! 사랑!&rdquo;</p>', 0, 0, 0, 0, 0, 1, NULL, 'yeonriji', 'admin', 'yeonriji', 4, 'duqwo06@naver.com', '', '', 'N;', '20180318132703', '20180318132822', NULL, '::1', -363, -365, 'N', 'N', 'PUBLIC', 'ALLOW'),
(285, 278, 0, 'ko', 'N', '공간연리지 &gt; 여섯번째 멤버 게시판', 'N', 'N', '<img src=\"http://localhost/files/attach/images/278/285/7bab340f93aa9329b6d995e65cc98817.png\" alt=\"스크린샷 2018-03-16 오후 5.14.59.png\" width=\"797\" height=\"516\" /><br /><br /> <p><span style=\"color: rgb(119, 119, 119); font-family: &quot;Noto Sans KR&quot;, sans-serif; font-size: 16px;\">델 토로의 영화일 것이라 생각하고 보았고, 호킨스의 영화라 중얼거리며 나왔다. 물론 &lt;셰이프 오브 워터: 사랑의 모양&gt;(2017)은 괴수에 대한 사랑으로 필모그래피를 꽉꽉 눌러 채웠던 기예르모 델 토로의 인장이 가득 찍힌 영화다. 그와 아주 오래 파트너십을 유지하고 있는 더그 존스가 주연을 맡았고, 동화적인 세계 사이 사이에 잔혹한 비극의 순간을 슬며시 끼워 넣고 좋아하는 델 토로의 우주도 여전히 찬란하다. 그러나 영화를 본 이라면 누구나 공감하겠지만, 이 영화는 샐리 호킨스가 없었다면 세상에 나올 수 없었을 작품이다. 델 토로 또한 그렇게 생각했다. 호킨스가 아니면 이 영화는 다른 대안이 없다고 생각했던 델 토로는, 골든글로브 시상식 애프터 파티 자리에서 만취한 상태로 술기운을 빌어 호킨스에게 출연해 달라고 러브콜을 보냈노라 회고했다<br /><br /></span><span style=\"color: rgb(119, 119, 119); font-family: &quot;Noto Sans KR&quot;, sans-serif; font-size: 16px;\">최근 몇 년간 샐리 호킨스는 종종 홀로 외롭게 서 있던 타자를 향해 먼저 손을 뻗고 스스로 사랑을 선언하는 이의 얼굴로 스크린을 빛내 왔다. &lt;셰이프 오브 워터&gt;에서 먼저 어인(더그 존스)에게 사랑을 느끼고 다가가 적극적으로 제 사랑을 만들어 나간 것도 일라이자(샐리 호킨스)였고, &lt;패딩턴&gt;(2014) 프랜차이즈에서 패딩턴(벤 휘쇼)에게 성큼 다가가 말을 걸고 가족으로 끌어당긴 이도 역시 매리(샐리 호킨스)였다. 초면의, 낯선, 인간이 아닌 무언가에게 먼저 다가가 주체적으로 사랑을 선언하는 사람. 그런 순간들을 연기할 때마다 샐리 호킨스 특유의 여리고 섬세한 이목구비에는 뭐라 형언하기 어려운 생기와 애정이 넘쳐 흐른다. 마치 알전구에 불이 들어올 때 금방이라도 끊어질 것처럼 가늘던 필라멘트가 새하얗게 달아올라 사방을 빛내는 것처럼. 어인을 품에 안고 그 어깨 너머로 흘낏 자일스(리처드 젠킨스)를 바라보는 일라이자의 눈빛은 더 바랄 것 없이 행복만으로 충만하다. 적어도 그 순간만큼은 특수분장 수트를 입은 더그 존스보다, 샐리 호킨스의 반짝이는 눈빛의 비주얼이 더 경이롭다. 어쩌면 인간의 눈빛이 저렇게 희열과 행복만으로 충만할 수 있지? 어쩌면 저렇게 행복을 확신할 수 있지?<br /><br /><br /><br type=\"_moz\" /></span></p>', 0, 0, 0, 0, 0, 1, NULL, 'yeonriji', 'admin', 'yeonriji', 4, 'duqwo06@naver.com', '', '', 'N;', '20180316032723', '20180316171530', NULL, '::1', -285, -303, 'N', 'N', 'PUBLIC', 'ALLOW'),
(355, 256, 0, 'ko', 'N', '멤버2', 'N', 'N', '&nbsp;<img src=\"http://localhost/files/attach/images/256/355/e9c4862e33742ce231640a973e0443c4.jpg\" alt=\"2.jpg\" width=\"640\" height=\"429\" /> <p>&nbsp;</p>', 0, 0, 0, 0, 0, 1, NULL, 'yeonriji', 'admin', 'yeonriji', 4, 'duqwo06@naver.com', '', NULL, 'N;', '20180318125835', '20180318125835', NULL, '::1', -355, -355, 'N', 'N', 'PUBLIC', 'ALLOW'),
(357, 256, 0, 'ko', 'N', '멤버1', 'N', 'N', '&nbsp;<img src=\"http://localhost/files/attach/images/256/357/8211636a5c4adac2d8d33617f19977f3.jpg\" alt=\"1.jpg\" width=\"640\" height=\"640\" /> <p>&nbsp;</p>', 0, 0, 0, 0, 0, 1, NULL, 'yeonriji', 'admin', 'yeonriji', 4, 'duqwo06@naver.com', '', NULL, 'N;', '20180318125856', '20180318125856', NULL, '::1', -357, -357, 'N', 'N', 'PUBLIC', 'ALLOW'),
(304, 278, 0, 'ko', 'N', '1975', 'N', 'N', '<img src=\"http://localhost/files/attach/images/278/304/19c6e07a0b0aa5bdb0690d65814c42dd.png\" alt=\"스크린샷 2018-03-16 오후 5.34.18.png\" width=\"696\" height=\"694\" /><br /><br /> <p><span style=\"color: rgb(119, 119, 119); font-family: &quot;Noto Sans KR&quot;, sans-serif; font-size: 16px;\">엄마가 돌아가신 다음에 나를 당황하게 만들었던 일은 영정사진으로 사용할 사진이 없었다는 것이다. 내가 찍었던 사진들은 배경과 분위기에 치중했고, 엄마의 아이폰에는 셀카가 여러 장 있었지만, 그것도 영정사진으로 사용하기에는 적절하지 않았다. (엄마가 셀카를 찍는다는 걸 그때 처음 알았다)</span></p><span style=\"color: rgb(119, 119, 119); font-family: &quot;Noto Sans KR&quot;, sans-serif; font-size: 16px;\">집에 있던 앨범을 꺼내고 나서야 몇 년 전 사진 한 장을 고를 수 있었다.</span><br style=\"box-sizing: inherit; font-family: &quot;Noto Sans KR&quot;, sans-serif; color: rgb(119, 119, 119); font-size: 16px;\" /><span style=\"color: rgb(119, 119, 119); font-family: &quot;Noto Sans KR&quot;, sans-serif; font-size: 16px;\">함께 수많은 시간을 보냈는데 우리는 왜 제대로 된 사진 한 장 찍어놓지 않았을까? 같이 보낼 수 있는 시간이 한정적일 거라고 어렴풋이 생각해본 적은 있었다. 하지만 이렇게 예고도 없이 사라질 거라고는 상상도 하지 못했다.</span><br style=\"box-sizing: inherit; font-family: &quot;Noto Sans KR&quot;, sans-serif; color: rgb(119, 119, 119); font-size: 16px;\" /><p>&nbsp;</p> &nbsp;', 0, 0, 0, 0, 0, 1, NULL, 'yeonriji', 'admin', 'yeonriji', 4, 'duqwo06@naver.com', '', NULL, 'N;', '20180316173500', '20180318131031', '회원1', '::1', -304, -362, 'N', 'N', 'PUBLIC', 'ALLOW'),
(306, 211, 0, 'ko', 'N', '작업중...', 'N', 'N', '<div style=\"text-align: center;\"><span style=\"font-size: 24pt;\"><strong>작업중...</strong></span></div>', 0, 0, 0, 0, 0, 0, NULL, 'yeonriji', 'admin', 'yeonriji', 4, 'duqwo06@naver.com', '', NULL, 'N;', '20180318104014', '20180318104014', NULL, '::1', -306, -306, 'N', 'N', 'PUBLIC', 'DENY'),
(309, 144, 0, 'ko', 'Y', '(사)부산문화관광축제조직위원회 단기스태프 모집 공고', 'Y', 'N', '사단법인 부산문화관광축제 조직위원회에서는 다음과 같이 단기스태프를 공개모집하오니 많은 지원 바랍니다. <br /><br />사단법인 부산문화과광축제조직위원회 조직위원장', 0, 0, 0, 3, 0, 0, NULL, 't307', '홍길동', '길동이', 307, 'member_1@test.com', '', '', 'N;', '20180318114308', '20180318121607', '회원1', '::1', -309, -339, 'N', 'N', 'PUBLIC', 'ALLOW'),
(311, 144, 0, 'ko', 'Y', '강서체육공원 수영장 휴장 안내', 'Y', 'N', '<div style=\"text-align:center;\"><strong><span style=\"font-size:12pt;\">강서체육공원 수영장 휴장안내 <br /></span></strong><span style=\"font-size:12pt;\"><br />    강서체육공원 수영장 시설개선을 위한 내벽 등  시설개선공사를 위하여 다음과 같이 휴장함을  알려드립니다. <br /><br />-  다    음 - <br /><br />◈ 공사(휴장)기간 : 2018. 4. 1. ~ 4. 30.(1개월) <br /> ◈ 휴장사유 : 실내수영장 내벽 등 시설개선공사 <br /> ◈ 개장일시 : 2018. 5. 1.부터 <br /><br /></span><strong><span style=\"font-size:12pt;\">강서체육공원 관리장</span></strong></div>', 0, 0, 0, 0, 0, 0, NULL, 't307', '홍길동', '길동이', 307, 'member_1@test.com', '', NULL, 'N;', '20180318115259', '20180318115259', NULL, '::1', -311, -311, 'N', 'N', 'PUBLIC', 'ALLOW'),
(312, 144, 0, 'ko', 'Y', '「소셜프랜차이즈화를 통한 일자리창출」 가맹본부 희망 참여기업 모집공고', 'Y', 'N', '<p align=\"center\" style=\"text-align:center;\"><span style=\"font-size:18pt;\"><b>2018 SOCIAL FRANCHISE</b></span></p><p align=\"center\" style=\"text-align:center;\"><span style=\"font-size:18pt;\"><b>쇼셜프랜차이즈 가맹본부 참여기업 모집</b></span></p><p> </p><p>(재)부산디자인센터에서는 부산광역시·부산지방고용노동청의 「부산일자리 르네상스 프로젝트」 쇼셜프랜차이즈화를 통한 일자리 창출 사업을 통해 사회적가치를 추구하는 소셜프랜차이즈 가맹본부 희망자를 다음과 같이 모집합니다. </p><p> </p><p>○ 모집대상 : 청년 및 취약계층 일자리 제공 등 소셜미션을 가지고 있는 부산지역 소상인</p><p> </p><p>○ 사업기간 : 2018. 1. ~ 2018. 12.</p><p> </p><p>○ 지원내용 </p><p>  1. 시스템 표준화 (디자인개발)</p><p>    · 브랜드 디자인 개발 - BI 디자인 및 매뉴얼,  어플리케이션 개발</p><p>    · 인테리어 가이드 개발 - 매장인테리어가이드 개발, 내부인테리어 모델링 및 설계도 작성</p><p>    · 웹 디자인 개발 - 홈페이지 개발(제품 사진촬영 포함)</p><p> 2. 소셜 프랜차이즈화</p><p>    · 프랜차이즈 본부 운영매뉴얼 개발 지원</p><p>    · 가맹계약서 작성 및 정보공개서 등록 지원</p><p> 3. 교육 및 컨설팅</p><p>    · 사회적경제 및 프랜차이즈 비즈니스 운영실무 교육 </p><p>    · 소셜미션 담임멘토링 및 가맹본부·가맹점 운영 컨설팅</p><p> 4. 마케팅</p><p>    · 소셜프랜차이즈 가맹본부 온·오프라인 홍보 및 마케팅 지원</p><p> </p><p>○ 지원조건 : 사업기간 내 가맹정 포함 5인 이상 고용창출(4대보험 필수) 및 가맹점 1개 이상 개점</p><p> </p><p>○ 접수기간 : 2018. 4. 6.(금), 16:00까지</p><p> </p><p>○ 전형방법 : 서면평가, 현장점검, 발표평가</p><p> </p><p>○ 제출서류 : (재)부산디자인센터 홈페이지(www.dcb.or.kr) 고시공고 참조</p><p> </p><p>○ 접수방법 : 이메일(sun@dcb.or.kr) 또는 방문, 우편접수</p><p> </p><p>○ 문 의 처 : (재)부산디자인센터 일자리창출TF팀(051-790-1025~6)</p><p>             (우)48059 부산시 해운대구 센텀동로57 307호 일자리창출TF팀 소셜프랜차이즈 사업 담당자 앞</p><p><span>	</span>     ※ 제출된 서류는 일체 반환하지 않음.</p><p> </p><p>○ 사업설명회 : 2018. 3. 28.(수) 14:00 부산디자인센터 2층 교육장 3호</p><p> </p><p> </p><p>「부산 일자리 르네상스 프로젝트」는 부산광역시가 청년층 일자리 창출과 고용촉진을 통해 청년에게 희망을 주고자 2016년 부터 3년 추진하는 혁신적인 대규모 일자리 창출 사업입니다.</p><p><span>	</span></p><p> </p><p> </p><p> </p><p> </p><p>  </p>', 0, 0, 0, 0, 0, 0, NULL, 't307', '홍길동', '길동이', 307, 'member_1@test.com', '', NULL, 'N;', '20180318115636', '20180318115636', NULL, '::1', -312, -312, 'N', 'N', 'PUBLIC', 'ALLOW'),
(313, 144, 0, 'ko', 'N', '2018년 상반기 퇴직공무원 정부포상 후보자 공개검증', 'N', 'N', '<table class=\"table __se_tbl_ext\"><tbody><tr><th> </th><td><p>2018년 상반기 퇴직공무원 정부포상 추천대상자 명단을 붙임과 같이 공개하오니 의견이 있으신 분은 아래의 연락처 또는</p><p>이메일로 의견을 보내주시기 바랍니다.</p><p> </p><p>○ 담당자 : 곽재환 (051-888-1964)</p><p>○ 의견접수기간 : <strong>2018. 3. 16 ~ 2018. 4. 14 (30일간)</strong> </p><p>○ 의견제출 : 이메일<strong>(bingo933@korea.kr)</strong> 또는 유선<strong> (051-888-1964)</strong> </p><p>    - 주신 의견은 민원으로 접수되지 않으며, 별도의 회신은 하지 않습니다.</p><p> </p><p>※ 첨부의 대상자 명단은 추천예정 명단이며, 기타 여러 조회를 통해 추천자가 변경 될 수 있음을 알려드립니다.</p><p> </p><p> </p><p> </p><p> </p></td></tr></tbody></table><p><u><br /></u></p>', 0, 0, 0, 2, 0, 0, NULL, 't307', '홍길동', '길동이', 307, 'member_1@test.com', '', '', 'N;', '20180318115758', '20180318121500', '회원1', '::1', -313, -327, 'N', 'N', 'PUBLIC', 'ALLOW'),
(315, 144, 0, 'ko', 'N', '부산프랜차이즈 해외진출지원', 'N', 'N', '<p style=\"line-height:180%;\"><span style=\"letter-spacing:0pt;font-size:15pt;font-weight:bold;\">부산프랜차이즈 해외진출지원 참여기업 모집 공고</span></p><p style=\"line-height:180%;\"><span style=\"letter-spacing:0pt;font-size:15pt;font-weight:bold;\"> </span></p><p style=\"line-height:180%;\"><span style=\"letter-spacing:0pt;font-size:15pt;font-weight:bold;\"> </span><span style=\"font-size:15pt;font-weight:bold;\">개    요</span></p><p style=\"line-height:180%;text-indent:-35pt;margin-left:35pt;\"><span lang=\"en-us\" style=\"font-family:\'돋움\';font-size:14pt;\">  </span><span style=\"letter-spacing:0pt;font-size:14pt;\"> </span><span style=\"font-size:14pt;\">사 업 명 </span><span lang=\"en-us\" style=\"letter-spacing:0pt;font-family:\'돋움\';font-size:14pt;\">: 2018 </span><span style=\"font-size:14pt;\">부산프랜차이즈 해외진출지원</span></p><p style=\"line-height:180%;text-indent:-35pt;margin-left:35pt;\"><span lang=\"en-us\" style=\"font-family:\'돋움\';font-size:14pt;\">  </span><span style=\"letter-spacing:0pt;font-size:14pt;\"> </span><span style=\"font-size:14pt;\">사업기간 </span><span lang=\"en-us\" style=\"letter-spacing:0pt;font-family:\'돋움\';font-size:14pt;\">: 2018. 1. ~ 2018. 12.</span></p><p style=\"line-height:180%;text-indent:-35pt;margin-left:35pt;\"><span lang=\"en-us\" style=\"font-family:\'돋움\';font-size:14pt;\">  </span><span style=\"letter-spacing:0pt;font-size:14pt;\"> </span><span style=\"font-size:14pt;\">전담기관 </span><span lang=\"en-us\" style=\"letter-spacing:0pt;font-family:\'돋움\';font-size:14pt;\">: </span><span style=\"font-size:14pt;\">부산광역시 통상진흥과</span></p><p style=\"line-height:180%;text-indent:-35pt;margin-left:35pt;\"><span lang=\"en-us\" style=\"font-family:\'돋움\';font-size:14pt;\">  </span><span style=\"letter-spacing:0pt;font-size:14pt;\"> </span><span style=\"font-size:14pt;\">모집대상 </span><span lang=\"en-us\" style=\"letter-spacing:0pt;font-family:\'돋움\';font-size:14pt;\">: </span><span style=\"letter-spacing:-.2pt;font-size:14pt;\">기 해외진출 및 해외진출 희망 부산지역 프랜차이즈 </span><span lang=\"en-us\" style=\"letter-spacing:-.2pt;font-family:\'돋움\';font-size:14pt;\">3</span><span style=\"letter-spacing:-.2pt;font-size:14pt;\">개사</span></p><p style=\"line-height:180%;text-indent:-35pt;margin-left:35pt;\"><span lang=\"en-us\" style=\"font-family:\'돋움\';font-size:14pt;\">  </span><span style=\"letter-spacing:0pt;font-size:14pt;\"> </span><span style=\"font-size:14pt;\">지원규모 </span><span lang=\"en-us\" style=\"letter-spacing:0pt;font-family:\'돋움\';font-size:14pt;\">: </span><span style=\"font-size:14pt;\">기업당 </span><span lang=\"en-us\" style=\"letter-spacing:0pt;font-family:\'돋움\';font-size:14pt;\">18</span><span style=\"font-size:14pt;\">백만원</span><span lang=\"en-us\" style=\"letter-spacing:0pt;font-family:\'돋움\';font-size:14pt;\">(</span><span style=\"font-size:14pt;\">지원금액의 </span><span lang=\"en-us\" style=\"letter-spacing:0pt;font-family:\'돋움\';font-size:14pt;\">10% </span><span style=\"font-size:14pt;\">현금 자부담</span><span lang=\"en-us\" style=\"letter-spacing:0pt;font-family:\'돋움\';font-size:14pt;\">)</span></p><p style=\"line-height:180%;text-indent:-35pt;margin-left:35pt;\"><span lang=\"en-us\" style=\"font-family:\'돋움\';font-size:14pt;\">  </span><span style=\"letter-spacing:0pt;font-size:14pt;\"> </span><span style=\"font-size:14pt;\">지원내용</span></p><p style=\"line-height:180%;text-indent:-41pt;margin-top:2pt;margin-left:41pt;\"><span lang=\"en-us\" style=\"letter-spacing:-.2pt;font-family:\'돋움\';font-size:14pt;\">   </span><span lang=\"en-us\" style=\"letter-spacing:-.2pt;font-family:\'돋움\';font-size:14pt;\">- </span><span lang=\"en-us\" style=\"letter-spacing:-1pt;font-family:\'돋움\';font-size:14pt;\">(</span><span style=\"letter-spacing:-1pt;font-size:14pt;\">해외 현지 브랜드 네이밍 개발</span><span lang=\"en-us\" style=\"letter-spacing:-1pt;font-family:\'돋움\';font-size:14pt;\">) </span><span style=\"letter-spacing:-1pt;font-size:14pt;\">진출 국가의 환경 분석을 통한 네이밍 개발</span><span lang=\"en-us\" style=\"letter-spacing:-.2pt;font-family:\'돋움\';font-size:14pt;\">  </span></p><p style=\"line-height:180%;text-indent:-40.7pt;margin-top:2pt;margin-left:40.7pt;\"><span lang=\"en-us\" style=\"letter-spacing:-.2pt;font-family:\'돋움\';font-size:14pt;\">   </span><span lang=\"en-us\" style=\"letter-spacing:-.2pt;font-family:\'돋움\';font-size:14pt;\">- </span><span lang=\"en-us\" style=\"letter-spacing:-1.3pt;font-family:\'돋움\';font-size:14pt;\">(</span><span style=\"letter-spacing:-1.3pt;font-size:14pt;\">브랜드 권리화 지원</span><span lang=\"en-us\" style=\"letter-spacing:-1.3pt;font-family:\'돋움\';font-size:14pt;\">) </span><span style=\"letter-spacing:-1.5pt;font-size:14pt;\">해당 지역의 상표 현지 선행조사 및 상표출원 </span><span lang=\"en-us\" style=\"letter-spacing:-1.5pt;font-family:\'돋움\';font-size:14pt;\">1</span><span style=\"letter-spacing:-1.5pt;font-size:14pt;\">개류 지원</span></p><p style=\"line-height:180%;text-indent:-39.7pt;margin-top:2pt;margin-left:39.7pt;\"><span lang=\"en-us\" style=\"letter-spacing:-.2pt;font-family:\'돋움\';font-size:14pt;\">   </span><span lang=\"en-us\" style=\"letter-spacing:-.2pt;font-family:\'돋움\';font-size:14pt;\">- (</span><span style=\"letter-spacing:-.2pt;font-size:14pt;\">브랜드 디자인 개발</span><span lang=\"en-us\" style=\"letter-spacing:-.2pt;font-family:\'돋움\';font-size:14pt;\">) </span><span style=\"letter-spacing:-.2pt;font-size:14pt;\">개발된 네이밍의 효과적인 표현을 위한 브랜드개발 및 지속적 아이덴티티 유지를 위한 매뉴얼 개발</span></p><p style=\"line-height:180%;text-indent:-38pt;margin-top:2pt;margin-left:38pt;\"><span lang=\"en-us\" style=\"letter-spacing:-.2pt;font-family:\'돋움\';font-size:14pt;\">   </span><span lang=\"en-us\" style=\"letter-spacing:-.2pt;font-family:\'돋움\';font-size:14pt;\">- </span><span lang=\"en-us\" style=\"letter-spacing:-.5pt;font-family:\'돋움\';font-size:14pt;\">(</span><span style=\"letter-spacing:-.5pt;font-size:14pt;\">홍보 및 마케팅 지원</span><span lang=\"en-us\" style=\"letter-spacing:-.5pt;font-family:\'돋움\';font-size:14pt;\">) </span><span style=\"letter-spacing:-.6pt;font-size:14pt;\">해외 박람회 참가 및 현지 마스터프랜차이즈 공동</span><span lang=\"en-us\" style=\"letter-spacing:-.2pt;font-family:\'돋움\';font-size:14pt;\"> </span><span style=\"letter-spacing:-.2pt;font-size:14pt;\">프로모션 진행 등 </span></p><p style=\"line-height:180%;text-indent:-35pt;margin-left:35pt;\"> </p><p> </p><p style=\"line-height:180%;\"><span style=\"letter-spacing:0pt;font-size:15pt;font-weight:bold;\"> </span><span style=\"font-size:15pt;font-weight:bold;\">신청자격 및 조건</span></p><p style=\"line-height:180%;text-indent:-35pt;margin-left:35pt;\"><span lang=\"en-us\" style=\"font-family:\'돋움\';font-size:14pt;\">  </span><span style=\"letter-spacing:0pt;font-size:14pt;\"> </span><span style=\"font-size:14pt;\">신청자격 </span><span lang=\"en-us\" style=\"letter-spacing:0pt;font-family:\'돋움\';font-size:14pt;\">: </span><span style=\"font-size:14pt;\">부산에 사업장</span><span lang=\"en-us\" style=\"letter-spacing:0pt;font-family:\'돋움\';font-size:14pt;\">(</span><span style=\"font-size:14pt;\">본사</span><span lang=\"en-us\" style=\"letter-spacing:0pt;font-family:\'돋움\';font-size:14pt;\">)</span><span style=\"font-size:14pt;\">를 보유하고 있는 프랜차이즈 기업</span></p><p style=\"line-height:180%;text-indent:-35pt;margin-left:35pt;\"><span lang=\"en-us\" style=\"font-family:\'돋움\';font-size:14pt;\">  </span><span style=\"letter-spacing:0pt;font-size:14pt;\"> </span><span style=\"font-size:14pt;\">지원조건</span></p><p style=\"line-height:180%;text-indent:-35pt;margin-left:35pt;\"><span lang=\"en-us\" style=\"letter-spacing:-.2pt;font-family:\'돋움\';font-size:14pt;\">   </span><span lang=\"en-us\" style=\"letter-spacing:-.2pt;font-family:\'돋움\';font-size:14pt;\">- </span><span style=\"letter-spacing:-.2pt;font-size:14pt;\">사업협약기간 </span><span style=\"letter-spacing:-.2pt;font-size:14pt;\">內 </span><span style=\"letter-spacing:-.2pt;font-size:14pt;\">해외진출 협약 또는 해외사업화 완료</span></p><p style=\"line-height:180%;text-indent:-35pt;margin-left:35pt;\"><span lang=\"en-us\" style=\"letter-spacing:-1.5pt;font-family:\'돋움\';font-size:14pt;\">   </span><span lang=\"en-us\" style=\"letter-spacing:-1.5pt;font-family:\'돋움\';font-size:14pt;\">- </span><span style=\"letter-spacing:-1.5pt;font-size:14pt;\">사업협약기간 </span><span style=\"letter-spacing:-1.5pt;font-size:14pt;\">內 </span><span style=\"letter-spacing:-1.5pt;font-size:14pt;\">본부 또는 해외 현지고용 각 기업당 </span><span lang=\"en-us\" style=\"letter-spacing:-1.5pt;font-family:\'돋움\';font-size:14pt;\">3</span><span style=\"letter-spacing:-1.5pt;font-size:14pt;\">명 이상</span><span lang=\"en-us\" style=\"letter-spacing:-1.5pt;font-family:\'돋움\';font-size:14pt;\">(4</span><span style=\"letter-spacing:-1.5pt;font-size:14pt;\">대보험가입기준</span><span lang=\"en-us\" style=\"letter-spacing:-1.5pt;font-family:\'돋움\';font-size:14pt;\">)</span></p><p style=\"line-height:180%;text-indent:-35pt;margin-left:35pt;\"><span lang=\"en-us\" style=\"letter-spacing:-.2pt;font-family:\'돋움\';font-size:14pt;\">   </span><span lang=\"en-us\" style=\"letter-spacing:-.2pt;font-family:\'돋움\';font-size:14pt;\">- </span><span style=\"letter-spacing:-.2pt;font-size:14pt;\">참여기업 부담금</span></p><table class=\"__se_tbl_ext\" style=\"border:.28pt solid rgb(0,0,0);border-collapse:collapse;\"><tbody><tr><td style=\"background:rgb(242,242,242);padding:1.41pt 5.1pt;border:1px solid rgb(153,153,153);width:160.86pt;height:19.48pt;\"><p style=\"text-align:center;\"><span style=\"font-size:11pt;font-weight:bold;\">지원내용</span></p></td><td style=\"background:rgb(242,242,242);padding:1.41pt 5.1pt;border:1px solid rgb(153,153,153);width:160.86pt;height:19.48pt;\"><p style=\"text-align:center;\"><span style=\"font-size:11pt;font-weight:bold;\">사업비</span></p></td><td style=\"background:rgb(242,242,242);padding:1.41pt 5.1pt;border:1px solid rgb(153,153,153);width:160.86pt;height:19.48pt;\"><p style=\"text-align:center;\"><span style=\"font-size:11pt;font-weight:bold;\">기업부담금</span></p></td></tr><tr><td style=\"padding:1.41pt 5.1pt;border:1px solid rgb(153,153,153);width:160.86pt;height:27.97pt;\"><p style=\"text-align:center;line-height:120%;\"><span style=\"letter-spacing:-.6pt;font-size:11pt;\">현지 네이밍 및 브랜드 개발</span></p></td><td style=\"padding:1.41pt 5.1pt;border:1px solid rgb(153,153,153);width:160.86pt;height:27.97pt;\"><p style=\"text-align:center;line-height:120%;\"><span lang=\"en-us\" style=\"letter-spacing:0pt;font-family:\'한양중고딕\';font-size:11pt;\">15,000</span><span style=\"font-size:11pt;\">천원</span></p></td><td style=\"padding:1.41pt 5.1pt;border:1px solid rgb(153,153,153);width:160.86pt;height:56.44pt;\" rowspan=\"2\"><p class=\"1\" style=\"text-align:center;line-height:130%;text-indent:-7pt;margin-top:0pt;margin-left:7pt;\"><span style=\"font-size:11pt;\">사업비 </span><span lang=\"en-us\" style=\"letter-spacing:0pt;font-family:\'한양중고딕\';font-size:11pt;\">10% </span><span style=\"font-size:11pt;\">현금부담</span></p><p class=\"1\" style=\"text-align:center;line-height:130%;text-indent:-7pt;margin-top:0pt;margin-left:7pt;\"><span lang=\"en-us\" style=\"letter-spacing:0pt;font-family:\'한양중고딕\';font-size:11pt;\">(</span><span style=\"font-size:11pt;\">총 </span><span lang=\"en-us\" style=\"letter-spacing:0pt;font-family:\'한양중고딕\';font-size:11pt;\">1,800</span><span style=\"font-size:11pt;\">천원</span><span lang=\"en-us\" style=\"letter-spacing:0pt;font-family:\'한양중고딕\';font-size:11pt;\">)</span></p></td></tr><tr><td style=\"padding:1.41pt 5.1pt;border:1px solid rgb(153,153,153);width:160.86pt;height:28.47pt;\"><p style=\"text-align:center;line-height:120%;\"><span style=\"letter-spacing:-.6pt;font-size:11pt;\">브랜드 권리화</span></p></td><td style=\"padding:1.41pt 5.1pt;border:1px solid rgb(153,153,153);width:160.86pt;height:28.47pt;\"><p style=\"text-align:center;line-height:120%;\"><span lang=\"en-us\" style=\"letter-spacing:0pt;font-family:\'한양중고딕\';font-size:11pt;\">3,000</span><span style=\"font-size:11pt;\">천원</span></p></td></tr></tbody></table><p style=\"line-height:180%;\"> </p><p> </p><p style=\"line-height:180%;\"><span style=\"letter-spacing:0pt;font-size:15pt;font-weight:bold;\"> </span><span style=\"font-size:15pt;font-weight:bold;\">신청기간 및 방법</span></p><p style=\"line-height:180%;text-indent:-35pt;margin-left:35pt;\"><span lang=\"en-us\" style=\"font-family:\'돋움\';font-size:14pt;\">  </span><span style=\"letter-spacing:0pt;font-size:14pt;\"> </span><span style=\"font-size:14pt;\">공고기간 </span><span lang=\"en-us\" style=\"letter-spacing:0pt;font-family:\'돋움\';font-size:14pt;\">: 2018. 3. 14(</span><span style=\"font-size:14pt;\">수</span><span lang=\"en-us\" style=\"letter-spacing:0pt;font-family:\'돋움\';font-size:14pt;\">) ~ 3. 23(</span><span style=\"font-size:14pt;\">금</span><span lang=\"en-us\" style=\"letter-spacing:0pt;font-family:\'돋움\';font-size:14pt;\">)</span></p><p style=\"line-height:180%;text-indent:-35pt;margin-left:35pt;\"><span lang=\"en-us\" style=\"font-family:\'돋움\';font-size:14pt;\">  </span><span style=\"letter-spacing:0pt;font-size:14pt;\"> </span><span style=\"font-size:14pt;\">접수기간 </span><span lang=\"en-us\" style=\"letter-spacing:0pt;font-family:\'돋움\';font-size:14pt;\">: 2018. 3. 21(</span><span style=\"font-size:14pt;\">수</span><span lang=\"en-us\" style=\"letter-spacing:0pt;font-family:\'돋움\';font-size:14pt;\">) ~ 3. 23(</span><span style=\"font-size:14pt;\">금</span><span lang=\"en-us\" style=\"letter-spacing:0pt;font-family:\'돋움\';font-size:14pt;\">), 15:00</span><span style=\"font-size:14pt;\">까지</span></p><p style=\"line-height:180%;text-indent:-35pt;margin-left:35pt;\"><span lang=\"en-us\" style=\"font-family:\'돋움\';font-size:14pt;\">  </span><span style=\"letter-spacing:0pt;font-size:14pt;\"> </span><span style=\"font-size:14pt;\">신청방법 </span><span lang=\"en-us\" style=\"letter-spacing:0pt;font-family:\'돋움\';font-size:14pt;\">: </span><span style=\"font-size:14pt;\">방문접수</span></p><p style=\"line-height:180%;text-indent:-35pt;margin-left:35pt;\"><span lang=\"en-us\" style=\"font-family:\'돋움\';font-size:14pt;\">  </span><span style=\"letter-spacing:0pt;font-size:14pt;\"> </span><span style=\"font-size:14pt;\">신청서교부 </span><span lang=\"en-us\" style=\"letter-spacing:0pt;font-family:\'돋움\';font-size:14pt;\">: </span><span style=\"font-size:14pt;\">부산디자인센터 및 부산광역시 해외마케팅 통합시스템 고시공고</span></p><p> </p><p> </p><p> </p>', 0, 0, 0, 0, 0, 2, NULL, 't307', '홍길동', '멤버1', 307, 'member_1@test.com', '', '', 'N;', '20180318120203', '20180318120321', NULL, '::1', -315, -318, 'N', 'N', 'PUBLIC', 'ALLOW'),
(366, 276, 0, 'ko', 'N', '사랑에도 모양이 있나요? 셰이프 오브 워터', 'N', 'N', '<p><img src=\"http://localhost/files/attach/images/276/363/0f704d699d25b396bf0aeda44b459ac2.jpg\" alt=\"555.jpg\" width=\"1000\" height=\"528\" /></p> <p>&nbsp;</p> &nbsp; <p>&nbsp;</p> <p><br /> <br /> 2018년 2월의 &lsquo;어수선한 영화 이야기&rsquo;에서 만나본 영화는 &lt;셰이프 오브 워터&gt;. &lt;헬보이&gt;, &lt;판의 미로&gt;, &lt;퍼시픽 림&gt; 등 30년 가까이 줄곧 개성 있는 괴수 판타지 영화를 만들어온 기예르모 델 토로 감독의 신작이다. 델 토로 감독의 작품 중 가장 대중적이면서도 가장 완성도가 높다는 평가를 받고 있다. 제74회 베니스국제영화제에서 황금사자상을, 제75회 골든 글로브에서 감독상과 음악상을 수상했으며, 제90회 아카데미에 최다 노미네이트(13개부문) 되었다. 최근 &lt;내 사랑&gt; 통해 국내 관객에게 친숙해진 샐리 호킨스가 주인공인 &lsquo;엘라이자&rsquo;를 맡았으며, 할리우드를 대표하는 연기파 배우 마이클 섀넌, 리처드 제킨스, 그리고 옥타비아 스펜서가 각각 엘라이자와 대립각을 세우는 보안책임자 &lsquo;스트릭랜드&rsquo;, 엘라이자의 이웃이자 친구 &lsquo;자일스&rsquo;, 그리고 엘라이자의 직장 동료 &lsquo;젤다&rsquo;를 연기했다.</p> <p>&lt;셰이프 오브 워터&gt;는 미국과 소련이 한참 대립각을 세우던 냉전 시대를 배경으로 펼쳐지는 인간과 괴생명체의 사랑 이야기이다. 미 항공우주 연구센터의 비밀 실험실에서 일하는 청소부 엘라이자는 어느 날 실험실에 끌려온 괴생명체를 발견하고, 지능은 물론 공감 능력까지 갖춘 그에게 점점 끌린다. 하지만 얼마 지나지 않아 당국에서는 괴생명체를 해부하여 우주 개발에 이용하려 하고, 엘라이자는 그를 실험실 밖으로 탈출시키기 위해 계획을 세운다. 영화는 인종과 성별과 종족을 가뿐히 뛰어넘는 이들의 낯설고 특별한 사랑을 통해 사랑에 대한 우리의 편견과 선입견을 재고하게 만든다. 그리고 특별한 모양이 없는 물처럼 사랑 역시 함부로 그 모양을 규정하거나 단정할 수 없다는 선명한 메시지를 전한다.</p> <p>윤종신, 김세윤, 배순탁, 김이나, 그리고 임필성이 &lt;셰이프 오브 워터&gt;를 보고 감상을 나누었다.</p> <p><strong>COMMENT</strong></p> <p>윤종신 &ldquo;델 토로 감독 같은 환자는 오래도록 낫지 않았으면 좋겠다.&rdquo;<br /> 김세윤 &ldquo;사랑에 대한 모든 것.&rdquo;<br /> 배순탁 &ldquo;마블의 판타지와는 다른 이유로 반드시 극장에서 봐야하는 작품.&rdquo;<br /> 김이나 &ldquo;사랑을 체험할 수 있게 해주는 영화.&rdquo;<br /> 임필성 &ldquo;사랑! 사랑! 사랑!&rdquo;</p>', 0, 0, 0, 0, 0, 0, NULL, 'yeonriji', 'admin', 'yeonriji', 4, 'duqwo06@naver.com', '', NULL, 'N;', '20180318132927', '20180318132927', NULL, '::1', -366, -366, 'N', 'N', 'PUBLIC', 'ALLOW'),
(376, 268, 0, 'ko', 'N', '생은 언제나 제 나름대로 지리하고 제 나름대로 찬란하다', 'N', 'N', '<p><img src=\"http://localhost/files/attach/images/268/376/85da3be35d808c650633392b4bd000c6.jpg\" alt=\"11.jpg\" width=\"940\" height=\"646\" /></p><p>&nbsp;</p> <div style=\"text-align: center;\"><span style=\"background-color: rgb(255, 153, 0);\"><span style=\"color: rgb(255, 255, 255);\"><span style=\"font-size: 12pt;\"><strong>처음 죽음이라는 개념에 겁에 질렸던 순간을 기억한다. <br />할아버지가 돌아가셨다는 소식을 들었을 때만 해도 죽음이 무엇인지 감을 못 잡고 헤매던 나는, 모두가 삼베로 만든 수의를 입고 지팡이를 짚으며 서럽게 우는 모습 앞에서 이게 보통 일이 아니라는 걸 깨달았다. <br />할아버지는 이제 감각도 생각도 행동도 없는 완벽한 무의 상태로 간 것이며, <br />살아 있는 생명은 모두 죽음이 오는 걸 피할 수 없다는 압도적인 양의 정보가 어린 내 머리 속으로 휩쓸려 들어왔다. <br />언젠가는 나도 죽을 것이라는 사실에 겁에 질렸던 나는 그 후로 종종 거실 티테이블 밑에 머리를 넣고 누워서는 아무도 모르게 숨을 참는 연습을 했다. 피할 수 없다면 차라리 내가 준비된 순간 능동적으로 죽어버리면 괜찮을지도 모른다고 생각했던 것이다. <br />여섯 살 때의 일이다.</strong></span></span></span></div><p style=\"text-align: center;\"><span style=\"background-color: rgb(255, 153, 0);\"><span style=\"color: rgb(255, 255, 255);\">&nbsp;</span></span></p><p style=\"text-align: center;\"><span style=\"background-color: rgb(255, 153, 0);\"><span style=\"color: rgb(255, 255, 255);\"><span style=\"font-size: 12pt;\"><strong>어린 내가 취한 행동이 그리 별난 게 아니란 걸 깨달은 건 얼추 서른이 다 되었을 무렵이었다. <br />의외로 많은 이들이 나와 비슷한 경험을 했다는 이야기를 들으며, 생에 끝이 있다는 걸 깨달은 순간 인간이 취하는 행동이란 게 대동소이하구나 싶었다. <br />29년이 흐른 지금은 더 이상 그런 생각을 하지 않는다. <br />먼저 세상을 떠나면 남아있는 이들이 얼마나 슬퍼할지도 알고, 내 힘으로 부양해야 하는 반려동물들도 생겼으니까. 그<br />리고 무엇보다 죽음 자체에 무덤덤해졌다. <br />알게 된 지 너무 오래 되어 그 공포를 잊은 데다가, <br />너무 먼 이야기라 실감도 잘 안 난다. <br />북한을 오래 머리맡에 얹어 두고 살아온 남한 사람들이 북핵 문제에 심드렁한 것처럼, <br />혹은 국민연금을 처음 넣기 시작한 20대들이 수령 가능성에 회의적인 것처럼.<br /><br type=\"_moz\" /></strong></span></span></span></p><p style=\"text-align: center;\"><span style=\"background-color: rgb(255, 153, 0);\"><span style=\"color: rgb(255, 255, 255);\"><span style=\"font-size: 12pt;\"><strong>죽음이 먼 이야기처럼 느껴지는 건 누구에게나 마찬가지일 것이다. 왕년의 서부극 스타인 &lt;더 히어로&gt;의 리(샘 엘리엇) 또한 그랬을 것이다. 그랬으니 일흔 한 살이 되도록 딸 루시(크리스틴 리터)에게도 제대로 사과 한 번 하지 않은 채 대마초나 태우며 시간을 보냈겠지. 당장 내일이라도 어떻게 될지 모른다고 생각했다면 더 일찍 사과하지 않았겠나. 자신이 췌장암이라는 이야기를 듣고 난 뒤에야, 리는 비로소 용기를 내어 삶을 되돌아보고 다시 무언가 시작해 보려 한다. 리는 루시에게 연락하고 우연히 알게 된 샬롯(로라 프레폰)과 감정을 나누며 조금씩 세상 밖으로 나간다. 인간이란 어쩌면 이리도 단순하고 어리석은지. 살 날이 창창하게 남은 어린 날에는 먼 미래의 죽음을 겁내 생 전체를 죽음의 너머로 떠밀고, 충만하게 살아야 할 세월에는 공포를 잊은 채 삶을 지루해 하다가, 정작 죽음이 코 앞이라는 이야기를 듣고 난 뒤에야 지나온 생을 돌아보고 미처 하지 못한 일들을 허겁지겁 해치운다.</strong></span></span></span></p><p style=\"text-align: center;\"><span style=\"background-color: rgb(255, 153, 0);\"><span style=\"color: rgb(255, 255, 255);\"><span style=\"font-size: 12pt;\"><strong>&ldquo;죽는다는 건 인생을 배우는 정말 어려운 방법이야. 그게 나한테 생긴 일이란다.&rdquo; 요람에서 자고 있는 아들 브라이언을 보며 중얼거리던 밥(마이클 키튼)도 마찬가지였다. 영화 &lt;마이 라이프&gt; 속 밥은 시한부 선고를 받았다. 아내 게일(니콜 키드먼)의 뱃속에 있는 아기가 태어나기 전에 죽을 확률이 높다는 의사의 말에 밥은 밀린 숙제처럼 제 삶을 복기한다. 복기해 본 삶은 불만족스러운 것 투성이다. 이 악물고 노력해 광고계의 큰 손이 됐지만, 일에 바빠 주변에 진심을 토로할 친구 하나 남겨두지 못했다. 자신을 가장 잘 알고 이해해 줄 가족들과는 오래 전에 의절하다시피 했다. 자신만만하게 살아왔다 싶었는데, 가만히 따져보니 어린 시절의 상처도 공포도 극복하지 못한 채 방어적인 자세로 웅크리고 살아 온 것이다. 밥은 뒤늦게 홈비디오로 아이에게 남기고 싶은 말들을 기록하고, 자신이 어떻게 살아왔는지를 들려주고, 세상과 화해한다. 정말 어려운 방법으로, 밥은 다 늦게 인생을 배운다.</strong></span></span></span></p><p style=\"text-align: center;\"><span style=\"background-color: rgb(255, 153, 0);\"><span style=\"color: rgb(255, 255, 255);\"><span style=\"font-size: 12pt;\"><strong>두 영화 모두 죽음이 목전에 왔다는 사실을 알게 된 뒤에야 비로소 삶의 찬란함을 깨닫는 남자들의 이야기를 들려주지만, 그 전까지 지리하고 단조롭던 인생이 꼭 죽음을 앞에 두고서야 찬란해질 리가 없다. 그저, 우리가 잊고 살 뿐이다. 생은 언제나 제 나름대로 지리하고 제 나름대로 찬란하다는 것을. 그리고 그 지루함과 싸우고 찬란함에 감탄할 수 있는 시간에도 반드시 끝이 있다는 것을.</strong></span></span></span></p>', 0, 0, 0, 0, 0, 1, NULL, 'yeonriji', 'admin', 'yeonriji', 4, 'duqwo06@naver.com', '', '', 'N;', '20180318133612', '20180318141631', NULL, '::1', -376, -408, 'N', 'N', 'PUBLIC', 'ALLOW');
INSERT INTO `yeonriji_documents` (`document_srl`, `module_srl`, `category_srl`, `lang_code`, `is_notice`, `title`, `title_bold`, `title_color`, `content`, `readed_count`, `voted_count`, `blamed_count`, `comment_count`, `trackback_count`, `uploaded_count`, `password`, `user_id`, `user_name`, `nick_name`, `member_srl`, `email_address`, `homepage`, `tags`, `extra_vars`, `regdate`, `last_update`, `last_updater`, `ipaddress`, `list_order`, `update_order`, `allow_trackback`, `notify_message`, `status`, `comment_status`) VALUES
(380, 254, 0, 'ko', 'N', '월간 연리지가 뭔가요 ?', 'N', 'N', '&nbsp;월간 연리지가 무슨 뜻 인가요 ?&nbsp;', 0, 0, 0, 3, 0, 0, NULL, 'yeonriji', 'admin', 'yeonriji', 4, 'duqwo06@naver.com', '', NULL, 'N;', '20180318140718', '20180318140923', '회원1', '::1', -380, -391, 'N', 'N', 'PUBLIC', 'ALLOW'),
(393, 254, 0, 'ko', 'N', '저도 글 한번 올려봅니다.', 'N', 'N', ' ㅎㅎ', 0, 0, 0, 0, 0, 0, NULL, 't319', '김삼식', '회원1', 319, 'guest_1@test.com', '', NULL, 'N;', '20180318140958', '20180318140958', NULL, '::1', -393, -393, 'N', 'N', 'PUBLIC', 'ALLOW'),
(394, 254, 0, 'ko', 'N', '안녕하세요~~', 'N', 'N', '<img src=\"http://localhost/files/attach/images/254/394/a82b49f3522116c12659438ba04ac216.png\" alt=\"스크린샷 2018-03-16 오후 5.13.23.png\" width=\"242\" height=\"239\" />&nbsp;&nbsp;<br /><br /><p>&nbsp;</p> &nbsp;', 0, 0, 0, 3, 0, 1, NULL, 'yeonriji', 'admin', 'yeonriji', 4, 'duqwo06@naver.com', '', NULL, 'N;', '20180318141100', '20180318141215', 'yeonriji', '::1', -394, -405, 'N', 'N', 'PUBLIC', 'ALLOW');

-- --------------------------------------------------------

--
-- 테이블 구조 `yeonriji_document_aliases`
--

CREATE TABLE `yeonriji_document_aliases` (
  `alias_srl` bigint(11) NOT NULL DEFAULT '0',
  `module_srl` bigint(11) NOT NULL DEFAULT '0',
  `document_srl` bigint(11) NOT NULL DEFAULT '0',
  `alias_title` varchar(250) NOT NULL
) ENGINE=MyISAM DEFAULT CHARSET=utf8;

-- --------------------------------------------------------

--
-- 테이블 구조 `yeonriji_document_categories`
--

CREATE TABLE `yeonriji_document_categories` (
  `category_srl` bigint(11) NOT NULL DEFAULT '0',
  `module_srl` bigint(11) NOT NULL DEFAULT '0',
  `parent_srl` bigint(12) NOT NULL DEFAULT '0',
  `title` varchar(250) DEFAULT NULL,
  `expand` char(1) DEFAULT 'N',
  `document_count` bigint(11) NOT NULL DEFAULT '0',
  `regdate` varchar(14) DEFAULT NULL,
  `last_update` varchar(14) DEFAULT NULL,
  `list_order` bigint(11) NOT NULL,
  `group_srls` text,
  `color` varchar(11) DEFAULT NULL,
  `description` varchar(200) DEFAULT NULL
) ENGINE=MyISAM DEFAULT CHARSET=utf8;

-- --------------------------------------------------------

--
-- 테이블 구조 `yeonriji_document_declared`
--

CREATE TABLE `yeonriji_document_declared` (
  `document_srl` bigint(11) NOT NULL,
  `declared_count` bigint(11) NOT NULL DEFAULT '0'
) ENGINE=MyISAM DEFAULT CHARSET=utf8;

-- --------------------------------------------------------

--
-- 테이블 구조 `yeonriji_document_declared_log`
--

CREATE TABLE `yeonriji_document_declared_log` (
  `document_srl` bigint(11) NOT NULL,
  `member_srl` bigint(11) NOT NULL,
  `ipaddress` varchar(128) NOT NULL,
  `regdate` varchar(14) DEFAULT NULL
) ENGINE=MyISAM DEFAULT CHARSET=utf8;

-- --------------------------------------------------------

--
-- 테이블 구조 `yeonriji_document_extra_keys`
--

CREATE TABLE `yeonriji_document_extra_keys` (
  `module_srl` bigint(11) NOT NULL,
  `var_idx` bigint(11) NOT NULL,
  `var_name` varchar(250) NOT NULL,
  `var_type` varchar(50) NOT NULL,
  `var_is_required` char(1) NOT NULL DEFAULT 'N',
  `var_search` char(1) NOT NULL DEFAULT 'N',
  `var_default` text,
  `var_desc` text,
  `eid` varchar(40) DEFAULT NULL
) ENGINE=MyISAM DEFAULT CHARSET=utf8;

--
-- 테이블의 덤프 데이터 `yeonriji_document_extra_keys`
--

INSERT INTO `yeonriji_document_extra_keys` (`module_srl`, `var_idx`, `var_name`, `var_type`, `var_is_required`, `var_search`, `var_default`, `var_desc`, `eid`) VALUES
(150, 1, '사이트주소', 'homepage', 'N', 'N', '', '', 'link_url'),
(256, 1, '사이트주소', 'homepage', 'N', 'N', NULL, '', 'link_url'),
(256, 2, 'name_kr', 'text', 'N', 'N', NULL, '', 'name_kr'),
(256, 3, 'name_us', 'text', 'N', 'N', NULL, '', 'name_us');

-- --------------------------------------------------------

--
-- 테이블 구조 `yeonriji_document_extra_vars`
--

CREATE TABLE `yeonriji_document_extra_vars` (
  `module_srl` bigint(11) NOT NULL,
  `document_srl` bigint(11) NOT NULL,
  `var_idx` bigint(11) NOT NULL,
  `lang_code` varchar(10) NOT NULL,
  `value` longtext,
  `eid` varchar(40) DEFAULT NULL
) ENGINE=MyISAM DEFAULT CHARSET=utf8;

--
-- 테이블의 덤프 데이터 `yeonriji_document_extra_vars`
--

INSERT INTO `yeonriji_document_extra_vars` (`module_srl`, `document_srl`, `var_idx`, `lang_code`, `value`, `eid`) VALUES
(150, 209, 1, 'ko', 'www.naver.com', 'link_url'),
(150, 208, 1, 'ko', 'http://localhost/index.php?mid=testID', 'link_url'),
(256, 353, 1, 'ko', 'http://localhost/index.php?mid=Member_3', 'link_url'),
(256, 351, 3, 'ko', 'member4', 'name_us'),
(256, 351, 2, 'ko', '멤버4', 'name_kr'),
(256, 351, 1, 'ko', 'http://localhost/index.php?mid=Member_4', 'link_url'),
(256, 349, 2, 'ko', '멤버5', 'name_kr'),
(256, 349, 3, 'ko', 'member5', 'name_us'),
(256, 346, 1, 'ko', 'http://localhost/index.php?mid=Member_6', 'link_url'),
(256, 346, 2, 'ko', '멤버6', 'name_kr'),
(256, 346, 3, 'ko', 'member6', 'name_us'),
(256, 349, 1, 'ko', 'http://localhost/index.php?mid=Member_5', 'link_url'),
(256, 353, 2, 'ko', '멤버3', 'name_kr'),
(256, 353, 3, 'ko', 'member3', 'name_us'),
(256, 355, 1, 'ko', 'http://localhost/index.php?mid=Member_2', 'link_url'),
(256, 355, 2, 'ko', '멤버2', 'name_kr'),
(256, 355, 3, 'ko', 'member2', 'name_us'),
(256, 357, 1, 'ko', 'http://localhost/index.php?mid=Member_1', 'link_url'),
(256, 357, 2, 'ko', '멤버1', 'name_kr'),
(256, 357, 3, 'ko', 'member1', 'name_us');

-- --------------------------------------------------------

--
-- 테이블 구조 `yeonriji_document_histories`
--

CREATE TABLE `yeonriji_document_histories` (
  `history_srl` bigint(11) NOT NULL DEFAULT '0',
  `module_srl` bigint(11) NOT NULL DEFAULT '0',
  `document_srl` bigint(11) NOT NULL DEFAULT '0',
  `content` longtext,
  `nick_name` varchar(80) NOT NULL,
  `member_srl` bigint(11) DEFAULT NULL,
  `regdate` varchar(14) DEFAULT NULL,
  `ipaddress` varchar(128) NOT NULL
) ENGINE=MyISAM DEFAULT CHARSET=utf8;

-- --------------------------------------------------------

--
-- 테이블 구조 `yeonriji_document_readed_log`
--

CREATE TABLE `yeonriji_document_readed_log` (
  `document_srl` bigint(11) NOT NULL,
  `member_srl` bigint(11) NOT NULL,
  `ipaddress` varchar(128) NOT NULL,
  `regdate` varchar(14) DEFAULT NULL
) ENGINE=MyISAM DEFAULT CHARSET=utf8;

-- --------------------------------------------------------

--
-- 테이블 구조 `yeonriji_document_trash`
--

CREATE TABLE `yeonriji_document_trash` (
  `trash_srl` bigint(11) NOT NULL DEFAULT '0',
  `document_srl` bigint(11) NOT NULL DEFAULT '0',
  `module_srl` bigint(11) NOT NULL DEFAULT '0',
  `trash_date` varchar(14) DEFAULT NULL,
  `description` text,
  `ipaddress` varchar(128) NOT NULL,
  `user_id` varchar(80) DEFAULT NULL,
  `user_name` varchar(80) NOT NULL,
  `nick_name` varchar(80) NOT NULL,
  `member_srl` bigint(11) NOT NULL
) ENGINE=MyISAM DEFAULT CHARSET=utf8;

-- --------------------------------------------------------

--
-- 테이블 구조 `yeonriji_document_voted_log`
--

CREATE TABLE `yeonriji_document_voted_log` (
  `document_srl` bigint(11) NOT NULL,
  `member_srl` bigint(11) NOT NULL,
  `ipaddress` varchar(128) NOT NULL,
  `regdate` varchar(14) DEFAULT NULL,
  `point` bigint(11) NOT NULL
) ENGINE=MyISAM DEFAULT CHARSET=utf8;

-- --------------------------------------------------------

--
-- 테이블 구조 `yeonriji_editor_autosave`
--

CREATE TABLE `yeonriji_editor_autosave` (
  `member_srl` bigint(11) DEFAULT '0',
  `ipaddress` varchar(128) DEFAULT NULL,
  `module_srl` bigint(11) DEFAULT NULL,
  `document_srl` bigint(11) NOT NULL DEFAULT '0',
  `title` varchar(250) DEFAULT NULL,
  `content` longtext NOT NULL,
  `regdate` varchar(14) DEFAULT NULL
) ENGINE=MyISAM DEFAULT CHARSET=utf8;

--
-- 테이블의 덤프 데이터 `yeonriji_editor_autosave`
--

INSERT INTO `yeonriji_editor_autosave` (`member_srl`, `ipaddress`, `module_srl`, `document_srl`, `title`, `content`, `regdate`) VALUES
(0, '::1', 256, 0, '', '<p><span style=\"color: rgb(0, 0, 0); background-color: rgb(228, 255, 117);\">ㅇ로오옹로오ㅗㅗㅇ</span></p>', '20180315012727'),
(319, NULL, 254, 0, '안녕하세요 ~~', '&nbsp;', '20180318141058');

-- --------------------------------------------------------

--
-- 테이블 구조 `yeonriji_editor_components`
--

CREATE TABLE `yeonriji_editor_components` (
  `component_name` varchar(250) NOT NULL,
  `enabled` char(1) NOT NULL DEFAULT 'N',
  `extra_vars` text,
  `list_order` bigint(11) NOT NULL
) ENGINE=MyISAM DEFAULT CHARSET=utf8;

--
-- 테이블의 덤프 데이터 `yeonriji_editor_components`
--

INSERT INTO `yeonriji_editor_components` (`component_name`, `enabled`, `extra_vars`, `list_order`) VALUES
('colorpicker_text', 'Y', NULL, 42),
('colorpicker_bg', 'Y', NULL, 44),
('emoticon', 'Y', NULL, 46),
('url_link', 'Y', NULL, 48),
('image_link', 'Y', NULL, 50),
('multimedia_link', 'Y', NULL, 52),
('quotation', 'Y', NULL, 54),
('table_maker', 'Y', NULL, 56),
('poll_maker', 'Y', NULL, 58),
('image_gallery', 'Y', NULL, 60);

-- --------------------------------------------------------

--
-- 테이블 구조 `yeonriji_editor_components_site`
--

CREATE TABLE `yeonriji_editor_components_site` (
  `site_srl` bigint(11) NOT NULL DEFAULT '0',
  `component_name` varchar(250) NOT NULL,
  `enabled` char(1) NOT NULL DEFAULT 'N',
  `extra_vars` text,
  `list_order` bigint(11) NOT NULL
) ENGINE=MyISAM DEFAULT CHARSET=utf8;

-- --------------------------------------------------------

--
-- 테이블 구조 `yeonriji_files`
--

CREATE TABLE `yeonriji_files` (
  `file_srl` bigint(11) NOT NULL,
  `upload_target_srl` bigint(11) NOT NULL DEFAULT '0',
  `upload_target_type` char(3) DEFAULT NULL,
  `sid` varchar(60) DEFAULT NULL,
  `module_srl` bigint(11) NOT NULL DEFAULT '0',
  `member_srl` bigint(11) NOT NULL,
  `download_count` bigint(11) NOT NULL DEFAULT '0',
  `direct_download` char(1) NOT NULL DEFAULT 'N',
  `source_filename` varchar(250) DEFAULT NULL,
  `uploaded_filename` varchar(250) DEFAULT NULL,
  `file_size` bigint(11) NOT NULL DEFAULT '0',
  `comment` varchar(250) DEFAULT NULL,
  `isvalid` char(1) DEFAULT 'N',
  `cover_image` char(1) NOT NULL DEFAULT 'N',
  `regdate` varchar(14) DEFAULT NULL,
  `ipaddress` varchar(128) NOT NULL
) ENGINE=MyISAM DEFAULT CHARSET=utf8;

--
-- 테이블의 덤프 데이터 `yeonriji_files`
--

INSERT INTO `yeonriji_files` (`file_srl`, `upload_target_srl`, `upload_target_type`, `sid`, `module_srl`, `member_srl`, `download_count`, `direct_download`, `source_filename`, `uploaded_filename`, `file_size`, `comment`, `isvalid`, `cover_image`, `regdate`, `ipaddress`) VALUES
(171, 170, NULL, 'eae524ea035ca82744d83b8f203249fa', 144, 4, 0, 'N', 'workflow.rtf', './files/attach/binaries/144/170/616fd60d4e4b799887719d1dbae633da', 7054, NULL, 'N', 'N', '20180305030037', '::1'),
(259, 258, NULL, '241736d15589ad4f71ffb45a353f1e41', 256, 4, 0, 'Y', 'KakaoTalk_Photo_2018-03-14-09-37-00_35.jpeg', './files/attach/images/256/258/9f3e099faeea92cd4434411575fb21a1.jpeg', 411844, NULL, 'N', 'N', '20180315011640', '::1'),
(364, 363, NULL, '63d88c762cb31901153d802acaf677ac', 276, 4, 0, 'Y', '555.jpg', './files/attach/images/276/363/0f704d699d25b396bf0aeda44b459ac2.jpg', 43930, NULL, 'Y', 'N', '20180318132817', '::1'),
(358, 357, NULL, '011271aa99c59457150ad48a8159157e', 256, 4, 0, 'Y', '1.jpg', './files/attach/images/256/357/8211636a5c4adac2d8d33617f19977f3.jpg', 58155, NULL, 'Y', 'N', '20180318125855', '::1'),
(347, 346, NULL, '9e46544c1d95eab3536406e4a117dbc0', 256, 4, 0, 'Y', '6.jpg', './files/attach/images/256/346/6e2ec43fe66add787ad403461f911728.jpg', 40406, NULL, 'Y', 'N', '20180318125624', '::1'),
(350, 349, NULL, '14782306986655b812d1035005992836', 256, 4, 0, 'Y', '5.jpg', './files/attach/images/256/349/8031ca1b469b8faf2f80f9bd754a3eed.jpg', 34967, NULL, 'Y', 'N', '20180318125713', '::1'),
(352, 351, NULL, '799bb8e1f3ff8fd67ab93e121a21eb86', 256, 4, 0, 'Y', '4.jpg', './files/attach/images/256/351/05d8490b3b5bbc8ecc333058e771a41b.jpg', 18480, NULL, 'Y', 'N', '20180318125746', '::1'),
(354, 353, NULL, '397147c66f33f645e8b0e251fd5d3a64', 256, 4, 0, 'Y', '3.jpg', './files/attach/images/256/353/3f510ba5f0995a324cb42e6936bee211.jpg', 27377, NULL, 'Y', 'N', '20180318125812', '::1'),
(356, 355, NULL, '82b681b6e76ae09f2dff0aa24ea50c56', 256, 4, 0, 'Y', '2.jpg', './files/attach/images/256/355/e9c4862e33742ce231640a973e0443c4.jpg', 26786, NULL, 'Y', 'N', '20180318125833', '::1'),
(302, 285, NULL, '4bb62c0f59ea1ed042bd852a11d34243', 278, 4, 0, 'Y', '스크린샷 2018-03-16 오후 5.14.59.png', './files/attach/images/278/285/7bab340f93aa9329b6d995e65cc98817.png', 577209, NULL, 'Y', 'N', '20180316171510', '::1'),
(305, 304, NULL, 'f35d2d97d406781d7bf866daef156763', 278, 4, 1, 'Y', '스크린샷 2018-03-16 오후 5.34.18.png', './files/attach/images/278/304/19c6e07a0b0aa5bdb0690d65814c42dd.png', 397731, NULL, 'Y', 'N', '20180316173439', '::1'),
(316, 315, NULL, '6596fe78e5042cae9663030569f5ef98', 144, 307, 0, 'N', '붙임 1. 부산프랜차이즈 해외진출지원 참여기업 모집 공고(안).hwp', './files/attach/binaries/144/315/3741e25c46c60357d4c187b8c5ace50e', 49664, NULL, 'Y', 'N', '20180318120129', '::1'),
(317, 315, NULL, 'e639d60b0ccae510359224f445e027cb', 144, 307, 0, 'N', '붙임 2. 참여기업 신청서.hwp', './files/attach/binaries/144/315/5cabaaa7187e46d02b2fc54c9056caa3', 87552, NULL, 'Y', 'N', '20180318120129', '::1'),
(368, 367, NULL, '76efd679fec175340ba2f20f4d94ed03', 274, 4, 0, 'Y', '4444.jpg', './files/attach/images/274/367/94c9f59b6d39f09d2ba1ce0176bd63d5.jpg', 79104, NULL, 'Y', 'N', '20180318133146', '::1'),
(370, 369, NULL, 'f6044874657a66562cbf705812ef26f9', 272, 4, 0, 'Y', '333.jpg', './files/attach/images/272/369/b4465cc734dfa71632e1b671b98cf728.jpg', 25421, NULL, 'Y', 'N', '20180318133304', '::1'),
(371, 369, NULL, '3b23fcd67f2a3c9ad8249e64b4d45360', 272, 4, 0, 'Y', '3333333.jpg', './files/attach/images/272/369/02dff661b355e4c636ba0a8bba1887ab.jpg', 627037, NULL, 'Y', 'N', '20180318133320', '::1'),
(373, 372, NULL, '3289b5c5c2f910e6a600bda0a3473c99', 270, 4, 0, 'Y', '2222222.jpg', './files/attach/images/270/372/e497406d93afe65c8c8d8fa75f030e2e.jpg', 66113, NULL, 'Y', 'N', '20180318133418', '::1'),
(375, 374, NULL, '97bcbd10a1a4b023b5283969938cc31f', 268, 4, 0, 'Y', '111.jpg', './files/attach/images/268/374/a901da02bc391335e47a6dfae7019b68.jpg', 46722, NULL, 'Y', 'N', '20180318133515', '::1'),
(377, 376, NULL, 'e163cfffc455dc9cf503ae258afc929f', 268, 4, 0, 'Y', '11.jpg', './files/attach/images/268/376/85da3be35d808c650633392b4bd000c6.jpg', 145661, NULL, 'Y', 'N', '20180318133604', '::1'),
(395, 394, NULL, '26110c412e34b28e870e3796a91d342e', 254, 4, 0, 'Y', '스크린샷 2018-03-16 오후 5.13.23.png', './files/attach/images/254/394/a82b49f3522116c12659438ba04ac216.png', 108182, NULL, 'Y', 'N', '20180318141052', '::1');

-- --------------------------------------------------------

--
-- 테이블 구조 `yeonriji_lang`
--

CREATE TABLE `yeonriji_lang` (
  `site_srl` bigint(11) NOT NULL,
  `name` varchar(255) NOT NULL,
  `lang_code` varchar(10) NOT NULL,
  `value` text
) ENGINE=MyISAM DEFAULT CHARSET=utf8;

--
-- 테이블의 덤프 데이터 `yeonriji_lang`
--

INSERT INTO `yeonriji_lang` (`site_srl`, `name`, `lang_code`, `value`) VALUES
(0, 'userLang20180227045447069', 'ko', 'ㅇㅂㄹㅂㄷㄹㄷ');

-- --------------------------------------------------------

--
-- 테이블 구조 `yeonriji_layouts`
--

CREATE TABLE `yeonriji_layouts` (
  `layout_srl` bigint(12) NOT NULL,
  `site_srl` bigint(11) NOT NULL DEFAULT '0',
  `layout` varchar(250) DEFAULT NULL,
  `title` varchar(250) DEFAULT NULL,
  `extra_vars` text,
  `layout_path` varchar(250) DEFAULT NULL,
  `module_srl` bigint(12) DEFAULT '0',
  `regdate` varchar(14) DEFAULT NULL,
  `layout_type` char(1) DEFAULT 'P'
) ENGINE=MyISAM DEFAULT CHARSET=utf8;

--
-- 테이블의 덤프 데이터 `yeonriji_layouts`
--

INSERT INTO `yeonriji_layouts` (`layout_srl`, `site_srl`, `layout`, `title`, `extra_vars`, `layout_path`, `module_srl`, `regdate`, `layout_type`) VALUES
(89, 0, 'xedition', 'XEDITION2', 'O:8:\"stdClass\":22:{s:16:\"error_return_url\";s:1:\"/\";s:7:\"ruleset\";s:12:\"updateLayout\";s:12:\"_layout_type\";s:1:\"P\";s:15:\"xe_validator_id\";s:37:\"modules/layout/tpl/lyaout_info_view/1\";s:8:\"use_demo\";s:1:\"Y\";s:11:\"layout_type\";s:4:\"auto\";s:14:\"menu_type_main\";s:5:\"basic\";s:13:\"menu_type_sub\";s:5:\"basic\";s:19:\"content_fixed_width\";s:5:\"index\";s:10:\"menu_fixed\";s:1:\"Y\";s:16:\"sidebar_position\";s:4:\"left\";s:26:\"enable_intergration_search\";s:1:\"N\";s:9:\"logo_text\";s:37:\"$user_lang->userLang20180227045447069\";s:16:\"footer_logo_text\";s:24:\"ㄹㄹㄹㄹㄹㄹㄹㄹ\";s:11:\"footer_text\";s:27:\"ㅇㅇㅇㅇㅇㅇㅇㅇㅇ\";s:16:\"footer_copyright\";s:30:\"ㅇㅇㅇㅇㅇㅇㅇㅇㅇㅇ\";s:16:\"use_login_widget\";s:1:\"Y\";s:9:\"use_slide\";s:1:\"N\";s:3:\"GNB\";s:2:\"65\";s:3:\"UNB\";s:1:\"0\";s:3:\"FNB\";s:1:\"0\";s:14:\"menu_name_list\";a:1:{i:65;s:9:\"Main menu\";}}', NULL, 0, '20180226013241', 'P'),
(90, 0, 'default', 'welcome_mobile_layout', 'O:8:\"stdClass\":4:{s:3:\"GNB\";i:65;s:3:\"UNB\";i:76;s:3:\"FNB\";i:79;s:9:\"main_menu\";i:65;}', NULL, 0, '20180226013241', 'M'),
(130, 0, 'xe_official', 'XE 공식 사이트 레이아웃', NULL, NULL, 0, '20180226014919', 'P'),
(131, 0, 'default', '월간 연리지', 'O:8:\"stdClass\":9:{s:16:\"error_return_url\";s:1:\"/\";s:7:\"ruleset\";s:12:\"updateLayout\";s:12:\"_layout_type\";s:1:\"P\";s:15:\"xe_validator_id\";s:37:\"modules/layout/tpl/lyaout_info_view/1\";s:8:\"WEB_FONT\";s:3:\"YES\";s:11:\"LAYOUT_TYPE\";s:9:\"MAIN_PAGE\";s:10:\"VISUAL_USE\";s:2:\"NO\";s:3:\"GNB\";s:2:\"65\";s:14:\"menu_name_list\";a:1:{i:65;s:9:\"Main menu\";}}', NULL, 0, '20180226014919', 'P'),
(132, 0, 'user_layout', '테스트 레이아웃', NULL, NULL, 0, '20180226014919', 'P'),
(188, 0, 'sketchbook5', 'sketchbook5', NULL, NULL, 0, '20180307005527', 'P'),
(182, 0, 'sketchbook5', 'sketchbook5', NULL, NULL, 0, '20180307004826', 'P'),
(184, 0, 'sketchbook5', 'sketchbook5', NULL, NULL, 0, '20180307004832', 'P'),
(186, 0, 'sketchbook5', 'sketchbook5', NULL, NULL, 0, '20180307004836', 'P'),
(187, 0, 'undeviating', 'Undeviating', NULL, NULL, 0, '20180307004836', 'P'),
(140, 0, 'firstkenta', 'Kenta Layout - First', 'O:8:\"stdClass\":7:{s:16:\"error_return_url\";s:1:\"/\";s:7:\"ruleset\";s:12:\"updateLayout\";s:12:\"_layout_type\";s:1:\"P\";s:15:\"xe_validator_id\";s:37:\"modules/layout/tpl/lyaout_info_view/1\";s:4:\"type\";s:4:\"main\";s:9:\"main_menu\";s:2:\"65\";s:14:\"menu_name_list\";a:1:{i:65;s:9:\"Main menu\";}}', NULL, 0, '20180227090009', 'P'),
(141, 0, 'simblog2', '심 블로그2 레이아웃', NULL, NULL, 0, '20180227090009', 'P'),
(142, 0, 'firstkenta', 'Kenta Layout - First(2)', 'O:8:\"stdClass\":10:{s:16:\"error_return_url\";s:1:\"/\";s:7:\"ruleset\";s:12:\"updateLayout\";s:12:\"_layout_type\";s:1:\"P\";s:15:\"xe_validator_id\";s:37:\"modules/layout/tpl/lyaout_info_view/1\";s:4:\"type\";s:4:\"main\";s:8:\"url_logo\";s:20:\"/index.php?mid=index\";s:9:\"text_logo\";s:9:\"連理枝\";s:9:\"copyright\";s:3:\"444\";s:9:\"main_menu\";s:2:\"65\";s:14:\"menu_name_list\";a:1:{i:65;s:9:\"Main menu\";}}', NULL, 0, '20180227090141', 'P'),
(177, 0, 'sketchbook5', 'sketchbook5', NULL, NULL, 0, '20180306235207', 'P'),
(178, 0, 'sketchbook5', 'sketchbook5', NULL, NULL, 0, '20180306235231', 'P'),
(179, 0, 'sketchbook5', 'sketchbook5', NULL, NULL, 0, '20180306235601', 'P'),
(180, 0, 'sketchbook5', 'sketchbook5', NULL, NULL, 0, '20180307000058', 'P'),
(181, 0, 'sketchbook5', 'sketchbook5', NULL, NULL, 0, '20180307004813', 'P'),
(189, 0, 'sketchbook5', 'sketchbook5', NULL, NULL, 0, '20180307005644', 'P'),
(190, 0, 'colorCode', 'XE Color Code 모바일 레이아웃', NULL, NULL, 0, '20180307005655', 'M'),
(191, 0, 'simpleGray', 'XE 심플 그레이 레이아웃', NULL, NULL, 0, '20180307005655', 'M'),
(192, 0, 'the_bootstrap', 'The Bootstrap', 'O:8:\"stdClass\":48:{s:16:\"error_return_url\";s:1:\"/\";s:7:\"ruleset\";s:12:\"updateLayout\";s:12:\"_layout_type\";s:1:\"P\";s:15:\"xe_validator_id\";s:37:\"modules/layout/tpl/lyaout_info_view/1\";s:10:\"xe_version\";s:4:\"xe17\";s:13:\"site_template\";s:7:\"default\";s:5:\"frame\";s:5:\"fluid\";s:6:\"design\";s:7:\"default\";s:10:\"responsive\";s:3:\"yes\";s:12:\"navbar_color\";s:7:\"inverse\";s:10:\"top_search\";s:8:\"dropdown\";s:17:\"use_login_tooltip\";s:3:\"yes\";s:16:\"use_social_login\";s:2:\"no\";s:12:\"member_point\";s:2:\"no\";s:12:\"message_list\";s:2:\"no\";s:12:\"tb_good_view\";s:2:\"no\";s:8:\"sb_width\";s:1:\"2\";s:13:\"sb_recent_doc\";s:3:\"yes\";s:14:\"sb_recent_comm\";s:3:\"yes\";s:11:\"sb_category\";s:3:\"yes\";s:14:\"sb_header_icon\";s:3:\"yes\";s:12:\"carousel_use\";s:2:\"no\";s:19:\"carousel_mobile_use\";s:2:\"no\";s:16:\"carousel_animate\";s:5:\"slide\";s:12:\"footer_depth\";s:6:\"depth3\";s:18:\"footer_family_site\";s:3:\"yes\";s:11:\"footer_lang\";s:3:\"yes\";s:14:\"default_bg_img\";s:11:\"noise_lines\";s:9:\"bg_repeat\";s:6:\"repeat\";s:8:\"bg_fixed\";s:3:\"yes\";s:9:\"use_totop\";s:3:\"yes\";s:11:\"use_main_bc\";s:3:\"yes\";s:7:\"premium\";s:1:\"N\";s:12:\"pretty_print\";s:2:\"no\";s:16:\"custom_style_css\";s:2:\"no\";s:12:\"custom_js_js\";s:2:\"no\";s:15:\"custom_top_html\";s:2:\"no\";s:18:\"custom_bottom_html\";s:2:\"no\";s:23:\"custom_content_top_html\";s:2:\"no\";s:26:\"custom_content_bottom_html\";s:2:\"no\";s:18:\"custom_sidebar_top\";s:2:\"no\";s:21:\"custom_sidebar_bottom\";s:2:\"no\";s:23:\"custom_carousel_replace\";s:2:\"no\";s:21:\"custom_footer_replace\";s:2:\"no\";s:9:\"main_menu\";s:2:\"65\";s:11:\"footer_menu\";s:1:\"0\";s:11:\"family_site\";s:1:\"0\";s:14:\"menu_name_list\";a:1:{i:65;s:9:\"Main menu\";}}', NULL, 0, '20180307013132', 'P'),
(193, 0, 'the_bootstrap', 'The Bootstrap(2)', 'O:8:\"stdClass\":48:{s:16:\"error_return_url\";s:1:\"/\";s:7:\"ruleset\";s:12:\"updateLayout\";s:12:\"_layout_type\";s:1:\"P\";s:15:\"xe_validator_id\";s:37:\"modules/layout/tpl/lyaout_info_view/1\";s:10:\"xe_version\";s:4:\"xe17\";s:13:\"site_template\";s:7:\"default\";s:5:\"frame\";s:5:\"fluid\";s:6:\"design\";s:7:\"default\";s:10:\"responsive\";s:3:\"yes\";s:12:\"navbar_color\";s:7:\"inverse\";s:10:\"top_search\";s:8:\"dropdown\";s:17:\"use_login_tooltip\";s:3:\"yes\";s:16:\"use_social_login\";s:2:\"no\";s:12:\"member_point\";s:2:\"no\";s:12:\"message_list\";s:2:\"no\";s:12:\"tb_good_view\";s:2:\"no\";s:8:\"sb_width\";s:1:\"2\";s:13:\"sb_recent_doc\";s:3:\"yes\";s:14:\"sb_recent_comm\";s:3:\"yes\";s:11:\"sb_category\";s:3:\"yes\";s:14:\"sb_header_icon\";s:3:\"yes\";s:12:\"carousel_use\";s:2:\"no\";s:19:\"carousel_mobile_use\";s:2:\"no\";s:16:\"carousel_animate\";s:5:\"slide\";s:12:\"footer_depth\";s:6:\"depth3\";s:18:\"footer_family_site\";s:3:\"yes\";s:11:\"footer_lang\";s:3:\"yes\";s:14:\"default_bg_img\";s:11:\"noise_lines\";s:9:\"bg_repeat\";s:6:\"repeat\";s:8:\"bg_fixed\";s:3:\"yes\";s:9:\"use_totop\";s:3:\"yes\";s:11:\"use_main_bc\";s:3:\"yes\";s:7:\"premium\";s:1:\"N\";s:12:\"pretty_print\";s:2:\"no\";s:16:\"custom_style_css\";s:2:\"no\";s:12:\"custom_js_js\";s:2:\"no\";s:15:\"custom_top_html\";s:2:\"no\";s:18:\"custom_bottom_html\";s:2:\"no\";s:23:\"custom_content_top_html\";s:2:\"no\";s:26:\"custom_content_bottom_html\";s:2:\"no\";s:18:\"custom_sidebar_top\";s:2:\"no\";s:21:\"custom_sidebar_bottom\";s:2:\"no\";s:23:\"custom_carousel_replace\";s:2:\"no\";s:21:\"custom_footer_replace\";s:2:\"no\";s:9:\"main_menu\";s:2:\"65\";s:11:\"footer_menu\";s:1:\"0\";s:11:\"family_site\";s:1:\"0\";s:14:\"menu_name_list\";a:1:{i:65;s:9:\"Main menu\";}}', NULL, 0, '20180307013346', 'P'),
(194, 0, 'sketchbook5', 'sketchbook5', NULL, NULL, 0, '20180307014508', 'P'),
(195, 0, 'sketchbook5', 'sketchbook5', NULL, NULL, 0, '20180307014621', 'P'),
(196, 0, 'sketchbook5', 'sketchbook5', NULL, NULL, 0, '20180307014634', 'P'),
(198, 0, 'sketchbook5', 'sketchbook5', NULL, NULL, 0, '20180307020058', 'P'),
(199, 0, 'sketchbook5', 'sketchbook5', NULL, NULL, 0, '20180307020452', 'P'),
(200, 0, 'sketchbook5', 'sketchbook5', NULL, NULL, 0, '20180307020525', 'P'),
(210, 0, 'sketchbook5', 'sketchbook5', NULL, NULL, 0, '20180307165629', 'P'),
(213, 0, 'sketchbook5', 'sketchbook5', NULL, NULL, 0, '20180308005551', 'P'),
(214, 0, 'sketchbook5', 'sketchbook5', NULL, NULL, 0, '20180308005923', 'P'),
(215, 0, 'sketchbook5', 'sketchbook5', NULL, NULL, 0, '20180308011422', 'P'),
(220, 0, 'sketchbook5', 'sketchbook5', NULL, NULL, 0, '20180308154827', 'P'),
(221, 0, 'sketchbook5', 'sketchbook5', NULL, NULL, 0, '20180308160201', 'P'),
(222, 0, 'sketchbook5', 'sketchbook5', NULL, NULL, 0, '20180308170645', 'P'),
(223, 0, 'sketchbook5', 'sketchbook5', NULL, NULL, 0, '20180309025323', 'P'),
(224, 0, 'sketchbook5', 'sketchbook5', NULL, NULL, 0, '20180309025401', 'P'),
(225, 0, 'sketchbook5', 'sketchbook5', NULL, NULL, 0, '20180309025602', 'P'),
(227, 0, 'sketchbook5', 'sketchbook5', NULL, NULL, 0, '20180309025824', 'P'),
(228, 0, 'sketchbook5', 'sketchbook5', NULL, NULL, 0, '20180309025919', 'P'),
(229, 0, 'sketchbook5', 'sketchbook5', NULL, NULL, 0, '20180309030727', 'P'),
(230, 0, 'sketchbook5', 'sketchbook5', NULL, NULL, 0, '20180309031326', 'P'),
(231, 0, 'sketchbook5', 'sketchbook5', NULL, NULL, 0, '20180309031331', 'P'),
(232, 0, 'sketchbook5', 'sketchbook5', NULL, NULL, 0, '20180309031406', 'P'),
(233, 0, 'sketchbook5', 'sketchbook5', NULL, NULL, 0, '20180309031608', 'P'),
(234, 0, 'sketchbook5', 'sketchbook5', NULL, NULL, 0, '20180309031843', 'P');

-- --------------------------------------------------------

--
-- 테이블 구조 `yeonriji_member`
--

CREATE TABLE `yeonriji_member` (
  `member_srl` bigint(11) NOT NULL,
  `user_id` varchar(80) NOT NULL,
  `email_address` varchar(250) NOT NULL,
  `password` varchar(60) NOT NULL,
  `email_id` varchar(80) NOT NULL,
  `email_host` varchar(160) DEFAULT NULL,
  `user_name` varchar(40) NOT NULL,
  `nick_name` varchar(40) NOT NULL,
  `find_account_question` bigint(11) DEFAULT NULL,
  `find_account_answer` varchar(250) DEFAULT NULL,
  `homepage` varchar(250) DEFAULT NULL,
  `blog` varchar(250) DEFAULT NULL,
  `birthday` char(8) DEFAULT NULL,
  `allow_mailing` char(1) NOT NULL DEFAULT 'Y',
  `allow_message` char(1) NOT NULL DEFAULT 'Y',
  `denied` char(1) DEFAULT 'N',
  `limit_date` varchar(14) DEFAULT NULL,
  `regdate` varchar(14) DEFAULT NULL,
  `last_login` varchar(14) DEFAULT NULL,
  `change_password_date` varchar(14) DEFAULT NULL,
  `is_admin` char(1) DEFAULT 'N',
  `description` text,
  `extra_vars` text,
  `list_order` bigint(11) NOT NULL
) ENGINE=MyISAM DEFAULT CHARSET=utf8;

--
-- 테이블의 덤프 데이터 `yeonriji_member`
--

INSERT INTO `yeonriji_member` (`member_srl`, `user_id`, `email_address`, `password`, `email_id`, `email_host`, `user_name`, `nick_name`, `find_account_question`, `find_account_answer`, `homepage`, `blog`, `birthday`, `allow_mailing`, `allow_message`, `denied`, `limit_date`, `regdate`, `last_login`, `change_password_date`, `is_admin`, `description`, `extra_vars`, `list_order`) VALUES
(4, 'yeonriji', 'duqwo06@naver.com', 'sha256:0008192:fGAuzlS2RqL6:yG9WIsaAampt6WxItohFNiRa8j20g5IK', 'duqwo06', 'naver.com', 'admin', 'yeonriji', NULL, NULL, '', '', NULL, 'N', 'Y', 'N', NULL, '20180226013240', '20180318141331', '20180226013240', 'Y', NULL, NULL, -4),
(307, 't307', 'member_1@test.com', 'sha256:0008192:vK1Czy72ESHM:ZTLii/UCcejS/lnBAS8Q7aUy3cMdTgM+', 'member_1', 'test.com', '홍길동', '멤버1', 1, 'sha256:0008192:6INceUoI10gW:clBfR4Eqvzqj4x7NP9e6gtuN0TNP+/Qw', '', '', '', 'N', 'Y', 'N', '', '20180318111519', '20180318140252', '20180318111519', 'N', NULL, 'O:8:\"stdClass\":1:{s:15:\"xe_validator_id\";s:30:\"modules/member/skins/default/1\";}', -307),
(319, 't319', 'guest_1@test.com', 'sha256:0008192:MYpfBy6EFlOX:E+qqu5B7oqqimo0jFS0/dzBYAQvntlTs', 'guest_1', 'test.com', '김삼식', '회원1', 1, 'sha256:0008192:KWraRcCt34Sj:VrJhVuchgzgHEkC8XM3Z+8y+Hp+dTLWk', '', '', '19930505', 'Y', 'Y', 'N', '', '20180318121138', '20180318140859', '20180318121138', 'N', NULL, 'O:8:\"stdClass\":2:{s:15:\"xe_validator_id\";s:20:\"modules/member/tpl/1\";s:11:\"birthday_ui\";s:10:\"1993-05-05\";}', -319);

-- --------------------------------------------------------

--
-- 테이블 구조 `yeonriji_member_auth_mail`
--

CREATE TABLE `yeonriji_member_auth_mail` (
  `auth_key` varchar(60) NOT NULL,
  `member_srl` bigint(11) NOT NULL,
  `user_id` varchar(80) NOT NULL,
  `new_password` varchar(80) NOT NULL,
  `is_register` char(1) DEFAULT 'N',
  `regdate` varchar(14) DEFAULT NULL
) ENGINE=MyISAM DEFAULT CHARSET=utf8;

-- --------------------------------------------------------

--
-- 테이블 구조 `yeonriji_member_autologin`
--

CREATE TABLE `yeonriji_member_autologin` (
  `autologin_key` varchar(80) NOT NULL,
  `member_srl` bigint(11) NOT NULL
) ENGINE=MyISAM DEFAULT CHARSET=utf8;

-- --------------------------------------------------------

--
-- 테이블 구조 `yeonriji_member_count_history`
--

CREATE TABLE `yeonriji_member_count_history` (
  `member_srl` bigint(11) NOT NULL,
  `content` longtext NOT NULL,
  `last_update` varchar(14) DEFAULT NULL
) ENGINE=MyISAM DEFAULT CHARSET=utf8;

--
-- 테이블의 덤프 데이터 `yeonriji_member_count_history`
--

INSERT INTO `yeonriji_member_count_history` (`member_srl`, `content`, `last_update`) VALUES
(4, 'a:6:{i:0;a:3:{i:0;s:3:\"::1\";i:1;s:32:\"잘못된 비밀번호입니다.\";i:2;i:1519687967;}i:1;a:3:{i:0;s:3:\"::1\";i:1;s:32:\"잘못된 비밀번호입니다.\";i:2;i:1519687981;}i:2;a:3:{i:0;s:3:\"::1\";i:1;s:32:\"잘못된 비밀번호입니다.\";i:2;i:1519687988;}i:3;a:3:{i:0;s:3:\"::1\";i:1;s:32:\"잘못된 비밀번호입니다.\";i:2;i:1519688462;}i:4;a:3:{i:0;s:3:\"::1\";i:1;s:32:\"잘못된 비밀번호입니다.\";i:2;i:1521043202;}i:5;a:3:{i:0;s:3:\"::1\";i:1;s:32:\"잘못된 비밀번호입니다.\";i:2;i:1521347255;}}', '20180318132735'),
(307, 'a:1:{i:0;a:3:{i:0;s:3:\"::1\";i:1;s:32:\"잘못된 비밀번호입니다.\";i:2;i:1521339637;}}', '20180318112037');

-- --------------------------------------------------------

--
-- 테이블 구조 `yeonriji_member_denied_nick_name`
--

CREATE TABLE `yeonriji_member_denied_nick_name` (
  `nick_name` varchar(80) NOT NULL,
  `regdate` varchar(14) DEFAULT NULL,
  `description` text
) ENGINE=MyISAM DEFAULT CHARSET=utf8;

--
-- 테이블의 덤프 데이터 `yeonriji_member_denied_nick_name`
--

INSERT INTO `yeonriji_member_denied_nick_name` (`nick_name`, `regdate`, `description`) VALUES
('관리자', '20180318105646', ''),
('관리팀', '20180318105647', ''),
('운영자', '20180318105647', ''),
('운영팀', '20180318105647', ''),
('GM', '20180318105647', '');

-- --------------------------------------------------------

--
-- 테이블 구조 `yeonriji_member_denied_user_id`
--

CREATE TABLE `yeonriji_member_denied_user_id` (
  `user_id` varchar(80) NOT NULL,
  `regdate` varchar(14) DEFAULT NULL,
  `description` text,
  `list_order` bigint(11) NOT NULL
) ENGINE=MyISAM DEFAULT CHARSET=utf8;

--
-- 테이블의 덤프 데이터 `yeonriji_member_denied_user_id`
--

INSERT INTO `yeonriji_member_denied_user_id` (`user_id`, `regdate`, `description`, `list_order`) VALUES
('addon', '20180226013240', '', -5),
('admin', '20180226013240', '', -6),
('adminlogging', '20180226013240', '', -7),
('autoinstall', '20180226013240', '', -8),
('board', '20180226013240', '', -9),
('comment', '20180226013240', '', -10),
('communication', '20180226013240', '', -11),
('counter', '20180226013240', '', -12),
('document', '20180226013240', '', -13),
('editor', '20180226013240', '', -14),
('file', '20180226013240', '', -15),
('importer', '20180226013240', '', -16),
('install', '20180226013240', '', -17),
('integration_search', '20180226013240', '', -18),
('krzip', '20180226013240', '', -19),
('layout', '20180226013240', '', -20),
('member', '20180226013240', '', -21),
('menu', '20180226013240', '', -22),
('message', '20180226013240', '', -23),
('module', '20180226013240', '', -24),
('page', '20180226013240', '', -25),
('point', '20180226013240', '', -26),
('poll', '20180226013240', '', -27),
('rss', '20180226013240', '', -28),
('seo', '20180226013240', '', -29),
('session', '20180226013240', '', -30),
('spamfilter', '20180226013240', '', -31),
('syndication', '20180226013240', '', -32),
('tag', '20180226013240', '', -33),
('trash', '20180226013240', '', -34),
('widget', '20180226013240', '', -35),
('www', '20180226013240', '', -36),
('root', '20180226013240', '', -37),
('administrator', '20180226013240', '', -38),
('telnet', '20180226013240', '', -39),
('ftp', '20180226013240', '', -40),
('http', '20180226013240', '', -41);

-- --------------------------------------------------------

--
-- 테이블 구조 `yeonriji_member_friend`
--

CREATE TABLE `yeonriji_member_friend` (
  `friend_srl` bigint(11) NOT NULL,
  `friend_group_srl` bigint(11) NOT NULL DEFAULT '0',
  `member_srl` bigint(11) NOT NULL,
  `target_srl` bigint(11) NOT NULL,
  `list_order` bigint(11) NOT NULL,
  `regdate` varchar(14) DEFAULT NULL
) ENGINE=MyISAM DEFAULT CHARSET=utf8;

-- --------------------------------------------------------

--
-- 테이블 구조 `yeonriji_member_friend_group`
--

CREATE TABLE `yeonriji_member_friend_group` (
  `friend_group_srl` bigint(11) NOT NULL,
  `member_srl` bigint(11) NOT NULL,
  `title` varchar(250) NOT NULL,
  `regdate` varchar(14) DEFAULT NULL
) ENGINE=MyISAM DEFAULT CHARSET=utf8;

-- --------------------------------------------------------

--
-- 테이블 구조 `yeonriji_member_group`
--

CREATE TABLE `yeonriji_member_group` (
  `site_srl` bigint(11) NOT NULL DEFAULT '0',
  `group_srl` bigint(11) NOT NULL,
  `list_order` bigint(11) NOT NULL,
  `title` varchar(80) NOT NULL,
  `regdate` varchar(14) DEFAULT NULL,
  `is_default` char(1) DEFAULT 'N',
  `is_admin` char(1) DEFAULT 'N',
  `image_mark` text,
  `description` text
) ENGINE=MyISAM DEFAULT CHARSET=utf8;

--
-- 테이블의 덤프 데이터 `yeonriji_member_group`
--

INSERT INTO `yeonriji_member_group` (`site_srl`, `group_srl`, `list_order`, `title`, `regdate`, `is_default`, `is_admin`, `image_mark`, `description`) VALUES
(0, 1, 1, '관리그룹', '20180226013239', 'N', 'Y', '', ''),
(0, 2, 2, '멤버', '20180226013240', 'N', 'N', '', ''),
(0, 3, 3, '회원', '20180226013240', 'Y', 'N', '', '');

-- --------------------------------------------------------

--
-- 테이블 구조 `yeonriji_member_group_member`
--

CREATE TABLE `yeonriji_member_group_member` (
  `site_srl` bigint(11) NOT NULL DEFAULT '0',
  `group_srl` bigint(11) NOT NULL,
  `member_srl` bigint(11) NOT NULL,
  `regdate` varchar(14) DEFAULT NULL
) ENGINE=MyISAM DEFAULT CHARSET=utf8;

--
-- 테이블의 덤프 데이터 `yeonriji_member_group_member`
--

INSERT INTO `yeonriji_member_group_member` (`site_srl`, `group_srl`, `member_srl`, `regdate`) VALUES
(0, 1, 4, '20180226013240'),
(0, 3, 307, '20180318111746'),
(0, 2, 307, '20180318111746'),
(0, 3, 319, '20180318121320');

-- --------------------------------------------------------

--
-- 테이블 구조 `yeonriji_member_join_form`
--

CREATE TABLE `yeonriji_member_join_form` (
  `member_join_form_srl` bigint(11) NOT NULL,
  `column_type` varchar(60) NOT NULL,
  `column_name` varchar(60) NOT NULL,
  `column_title` varchar(60) NOT NULL,
  `required` char(1) NOT NULL DEFAULT 'N',
  `default_value` text,
  `is_active` char(1) DEFAULT 'Y',
  `description` text,
  `list_order` bigint(11) NOT NULL DEFAULT '1',
  `regdate` varchar(14) DEFAULT NULL
) ENGINE=MyISAM DEFAULT CHARSET=utf8;

-- --------------------------------------------------------

--
-- 테이블 구조 `yeonriji_member_login_count`
--

CREATE TABLE `yeonriji_member_login_count` (
  `ipaddress` varchar(128) NOT NULL,
  `count` bigint(11) NOT NULL,
  `regdate` varchar(14) DEFAULT NULL,
  `last_update` varchar(14) DEFAULT NULL
) ENGINE=MyISAM DEFAULT CHARSET=utf8;

--
-- 테이블의 덤프 데이터 `yeonriji_member_login_count`
--

INSERT INTO `yeonriji_member_login_count` (`ipaddress`, `count`, `regdate`, `last_update`) VALUES
('::1', 1, '20180227083247', '20180318132735');

-- --------------------------------------------------------

--
-- 테이블 구조 `yeonriji_member_message`
--

CREATE TABLE `yeonriji_member_message` (
  `message_srl` bigint(11) NOT NULL,
  `related_srl` bigint(11) NOT NULL,
  `sender_srl` bigint(11) NOT NULL,
  `receiver_srl` bigint(11) NOT NULL,
  `message_type` char(1) NOT NULL DEFAULT 'S',
  `title` varchar(250) NOT NULL,
  `content` text NOT NULL,
  `readed` char(1) NOT NULL DEFAULT 'N',
  `list_order` bigint(11) NOT NULL,
  `regdate` varchar(14) DEFAULT NULL,
  `readed_date` varchar(14) DEFAULT NULL
) ENGINE=MyISAM DEFAULT CHARSET=utf8;

-- --------------------------------------------------------

--
-- 테이블 구조 `yeonriji_member_scrap`
--

CREATE TABLE `yeonriji_member_scrap` (
  `member_srl` bigint(11) NOT NULL,
  `document_srl` bigint(11) NOT NULL,
  `title` varchar(250) DEFAULT NULL,
  `user_id` varchar(80) DEFAULT NULL,
  `user_name` varchar(80) NOT NULL,
  `nick_name` varchar(80) NOT NULL,
  `target_member_srl` bigint(11) NOT NULL,
  `regdate` varchar(14) DEFAULT NULL,
  `list_order` bigint(11) NOT NULL
) ENGINE=MyISAM DEFAULT CHARSET=utf8;

-- --------------------------------------------------------

--
-- 테이블 구조 `yeonriji_menu`
--

CREATE TABLE `yeonriji_menu` (
  `menu_srl` bigint(12) NOT NULL,
  `site_srl` bigint(11) NOT NULL DEFAULT '0',
  `title` varchar(250) DEFAULT NULL,
  `listorder` bigint(11) DEFAULT '0',
  `regdate` varchar(14) DEFAULT NULL
) ENGINE=MyISAM DEFAULT CHARSET=utf8;

--
-- 테이블의 덤프 데이터 `yeonriji_menu`
--

INSERT INTO `yeonriji_menu` (`menu_srl`, `site_srl`, `title`, `listorder`, `regdate`) VALUES
(65, 0, 'Main menu', -65, '20180226013240'),
(172, 0, '테스트', -172, '20180306042005'),
(97, 0, '__ADMINMENU_V17__', -97, '20180226013540'),
(267, 0, '공간 연리지(멤버)', -267, '20180316031551');

-- --------------------------------------------------------

--
-- 테이블 구조 `yeonriji_menu_item`
--

CREATE TABLE `yeonriji_menu_item` (
  `menu_item_srl` bigint(12) NOT NULL,
  `parent_srl` bigint(12) NOT NULL DEFAULT '0',
  `menu_srl` bigint(12) NOT NULL,
  `name` text,
  `desc` varchar(250) DEFAULT NULL,
  `url` varchar(250) DEFAULT NULL,
  `is_shortcut` char(1) DEFAULT 'N',
  `open_window` char(1) DEFAULT 'N',
  `expand` char(1) DEFAULT 'N',
  `normal_btn` varchar(255) DEFAULT NULL,
  `hover_btn` varchar(255) DEFAULT NULL,
  `active_btn` varchar(255) DEFAULT NULL,
  `group_srls` text,
  `listorder` bigint(11) DEFAULT '0',
  `regdate` varchar(14) DEFAULT NULL
) ENGINE=MyISAM DEFAULT CHARSET=utf8;

--
-- 테이블의 덤프 데이터 `yeonriji_menu_item`
--

INSERT INTO `yeonriji_menu_item` (`menu_item_srl`, `parent_srl`, `menu_srl`, `name`, `desc`, `url`, `is_shortcut`, `open_window`, `expand`, `normal_btn`, `hover_btn`, `active_btn`, `group_srls`, `listorder`, `regdate`) VALUES
(67, 0, 65, 'ABOUT', '', 'index', 'N', 'N', 'N', NULL, NULL, NULL, NULL, -67, '20180226013240'),
(277, 0, 267, 'Member_5', 'Member_5', 'Member_5', 'N', 'N', 'N', NULL, NULL, NULL, NULL, -277, '20180316032150'),
(279, 0, 267, 'Member_6', 'Member_6', 'Member_6', 'N', 'N', 'N', NULL, NULL, NULL, NULL, -279, '20180316032202'),
(275, 0, 267, 'Member_4', 'Member_4', 'Member_4', 'N', 'N', 'N', NULL, NULL, NULL, NULL, -275, '20180316032139'),
(145, 0, 65, 'NEWS', '', 'board_1', 'N', 'N', 'N', NULL, NULL, NULL, '', -145, '20180227114812'),
(257, 0, 65, '공간 연리지', '공간 연리지', 'board_3', 'N', 'N', 'N', NULL, NULL, NULL, NULL, -149, '20180315004524'),
(151, 0, 172, '월간 연리지', '', 'board_2', 'N', 'N', 'N', NULL, NULL, NULL, NULL, -1, '20180227114954'),
(174, 0, 172, 'test', 'testttttttt', 'testID', 'N', 'N', 'N', NULL, NULL, NULL, NULL, -3, '20180306042026'),
(202, 0, 172, 'ㅁㅁㅁ', 'ㅇㅇㅇ', 'aaa', 'N', 'N', 'N', NULL, NULL, NULL, NULL, -2, '20180307020712'),
(212, 0, 65, '월간 연리지', '테스트', 'page_enVg14', 'N', 'N', 'N', NULL, NULL, NULL, NULL, -146, '20180308004334'),
(255, 0, 65, 'Talk Talk', '', 'board_4', 'N', 'N', 'N', NULL, NULL, NULL, NULL, -156, '20180315004356'),
(269, 0, 267, 'Member_1', 'Member_1', 'Member_1', 'N', 'N', 'N', NULL, NULL, NULL, NULL, -269, '20180316031706'),
(271, 0, 267, 'Member_2', 'Member_2', 'Member_2', 'N', 'N', 'N', NULL, NULL, NULL, NULL, -271, '20180316032113'),
(273, 0, 267, 'Member_3', 'Member_3', 'Member_3', 'N', 'N', 'N', NULL, NULL, NULL, NULL, -273, '20180316032125'),
(98, 0, 97, '{$lang->menu_gnb[\'dashboard\']}', NULL, 'index.php?module=admin', 'N', 'N', 'N', NULL, NULL, NULL, NULL, -98, '20180226013540'),
(99, 0, 97, '{$lang->menu_gnb[\'menu\']}', NULL, '#', 'N', 'N', 'N', NULL, NULL, NULL, NULL, -99, '20180226013540'),
(100, 0, 97, '{$lang->menu_gnb[\'user\']}', NULL, '#', 'N', 'N', 'N', NULL, NULL, NULL, NULL, -100, '20180226013540'),
(101, 0, 97, '{$lang->menu_gnb[\'content\']}', NULL, '#', 'N', 'N', 'N', NULL, NULL, NULL, NULL, -101, '20180226013540'),
(102, 0, 97, '{$lang->menu_gnb[\'configuration\']}', NULL, '#', 'N', 'N', 'N', NULL, NULL, NULL, NULL, -102, '20180226013540'),
(103, 0, 97, '{$lang->menu_gnb[\'advanced\']}', NULL, '#', 'N', 'N', 'N', NULL, NULL, NULL, NULL, -103, '20180226013540'),
(104, 99, 97, '{$lang->menu_gnb_sub[\'siteMap\']}', NULL, 'index.php?module=admin&act=dispMenuAdminSiteMap', 'N', 'N', 'N', '', '', '', '1', -104, '20180226013540'),
(105, 99, 97, '{$lang->menu_gnb_sub[\'siteDesign\']}', NULL, 'index.php?module=admin&act=dispMenuAdminSiteDesign', 'N', 'N', 'N', '', '', '', '1', -105, '20180226013540'),
(106, 100, 97, '{$lang->menu_gnb_sub[\'userList\']}', NULL, 'index.php?module=admin&act=dispMemberAdminList', 'N', 'N', 'N', '', '', '', '1', -106, '20180226013540'),
(107, 100, 97, '{$lang->menu_gnb_sub[\'userSetting\']}', NULL, 'index.php?module=admin&act=dispMemberAdminConfig', 'N', 'N', 'N', '', '', '', '1', -107, '20180226013540'),
(108, 100, 97, '{$lang->menu_gnb_sub[\'userGroup\']}', NULL, 'index.php?module=admin&act=dispMemberAdminGroupList', 'N', 'N', 'N', '', '', '', '1', -108, '20180226013540'),
(109, 101, 97, '{$lang->menu_gnb_sub[\'document\']}', NULL, 'index.php?module=admin&act=dispDocumentAdminList', 'N', 'N', 'N', '', '', '', '1', -109, '20180226013540'),
(110, 101, 97, '{$lang->menu_gnb_sub[\'comment\']}', NULL, 'index.php?module=admin&act=dispCommentAdminList', 'N', 'N', 'N', '', '', '', '1', -110, '20180226013540'),
(111, 101, 97, '{$lang->menu_gnb_sub[\'file\']}', NULL, 'index.php?module=admin&act=dispFileAdminList', 'N', 'N', 'N', '', '', '', '1', -111, '20180226013540'),
(112, 101, 97, '{$lang->menu_gnb_sub[\'poll\']}', NULL, 'index.php?module=admin&act=dispPollAdminList', 'N', 'N', 'N', '', '', '', '1', -112, '20180226013540'),
(113, 101, 97, '{$lang->menu_gnb_sub[\'rss\']}', NULL, 'index.php?module=admin&act=dispRssAdminIndex', 'N', 'N', 'N', '', '', '', '1', -113, '20180226013540'),
(114, 101, 97, '{$lang->menu_gnb_sub[\'multilingual\']}', NULL, 'index.php?module=admin&act=dispModuleAdminLangcode', 'N', 'N', 'N', '', '', '', '1', -114, '20180226013540'),
(115, 101, 97, '{$lang->menu_gnb_sub[\'importer\']}', NULL, 'index.php?module=admin&act=dispImporterAdminImportForm', 'N', 'N', 'N', '', '', '', '1', -115, '20180226013540'),
(116, 101, 97, '{$lang->menu_gnb_sub[\'trash\']}', NULL, 'index.php?module=admin&act=dispTrashAdminList', 'N', 'N', 'N', '', '', '', '1', -116, '20180226013540'),
(117, 103, 97, '{$lang->menu_gnb_sub[\'easyInstall\']}', NULL, 'index.php?module=admin&act=dispAutoinstallAdminIndex', 'N', 'N', 'N', '', '', '', '1', -117, '20180226013540'),
(118, 103, 97, '{$lang->menu_gnb_sub[\'installedLayout\']}', NULL, 'index.php?module=admin&act=dispLayoutAdminInstalledList', 'N', 'N', 'N', '', '', '', '1', -118, '20180226013540'),
(119, 103, 97, '{$lang->menu_gnb_sub[\'installedModule\']}', NULL, 'index.php?module=admin&act=dispModuleAdminContent', 'N', 'N', 'N', '', '', '', '1', -119, '20180226013540'),
(120, 103, 97, '{$lang->menu_gnb_sub[\'installedWidget\']}', NULL, 'index.php?module=admin&act=dispWidgetAdminDownloadedList', 'N', 'N', 'N', '', '', '', '1', -120, '20180226013540'),
(121, 103, 97, '{$lang->menu_gnb_sub[\'installedAddon\']}', NULL, 'index.php?module=admin&act=dispAddonAdminIndex', 'N', 'N', 'N', '', '', '', '1', -121, '20180226013540'),
(122, 103, 97, '{$lang->menu_gnb_sub[\'editor\']}', NULL, 'index.php?module=admin&act=dispEditorAdminIndex', 'N', 'N', 'N', '', '', '', '1', -122, '20180226013540'),
(123, 101, 97, '{$lang->menu_gnb_sub[\'spamFilter\']}', NULL, 'index.php?module=admin&act=dispSpamfilterAdminDeniedIPList', 'N', 'N', 'N', '', '', '', '1', -123, '20180226013540'),
(124, 102, 97, '{$lang->menu_gnb_sub[\'adminConfigurationGeneral\']}', NULL, 'index.php?module=admin&act=dispAdminConfigGeneral', 'N', 'N', 'N', '', '', '', '1', -124, '20180226013540'),
(125, 102, 97, '{$lang->menu_gnb_sub[\'adminConfigurationFtp\']}', NULL, 'index.php?module=admin&act=dispAdminConfigFtp', 'N', 'N', 'N', '', '', '', '1', -125, '20180226013540'),
(126, 102, 97, '{$lang->menu_gnb_sub[\'adminMenuSetup\']}', NULL, 'index.php?module=admin&act=dispAdminSetup', 'N', 'N', 'N', '', '', '', '1', -126, '20180226013540'),
(127, 102, 97, '{$lang->menu_gnb_sub[\'fileUpload\']}', NULL, 'index.php?module=admin&act=dispFileAdminConfig', 'N', 'N', 'N', '', '', '', '1', -127, '20180226013540'),
(128, 102, 97, '{$lang->menu_gnb_sub[\'filebox\']}', NULL, 'index.php?module=admin&act=dispModuleAdminFileBox', 'N', 'N', 'N', '', '', '', '1', -128, '20180226013540'),
(129, 100, 97, '{$lang->menu_gnb_sub[\'point\']}', NULL, 'index.php?module=admin&act=dispPointAdminConfig', 'N', 'N', 'N', '', '', '', '1', -129, '20180226013540');

-- --------------------------------------------------------

--
-- 테이블 구조 `yeonriji_menu_layout`
--

CREATE TABLE `yeonriji_menu_layout` (
  `menu_srl` bigint(12) NOT NULL,
  `layout_srl` bigint(12) NOT NULL
) ENGINE=MyISAM DEFAULT CHARSET=utf8;

-- --------------------------------------------------------

--
-- 테이블 구조 `yeonriji_modules`
--

CREATE TABLE `yeonriji_modules` (
  `module_srl` bigint(11) NOT NULL,
  `module` varchar(80) NOT NULL,
  `module_category_srl` bigint(11) DEFAULT '0',
  `layout_srl` bigint(11) DEFAULT '0',
  `use_mobile` char(1) DEFAULT 'N',
  `mlayout_srl` bigint(11) DEFAULT '0',
  `menu_srl` bigint(11) DEFAULT '0',
  `site_srl` bigint(11) NOT NULL DEFAULT '0',
  `mid` varchar(40) NOT NULL,
  `is_skin_fix` char(1) NOT NULL DEFAULT 'Y',
  `skin` varchar(250) DEFAULT NULL,
  `is_mskin_fix` char(1) NOT NULL DEFAULT 'Y',
  `mskin` varchar(250) DEFAULT NULL,
  `browser_title` varchar(250) NOT NULL,
  `description` text,
  `is_default` char(1) NOT NULL DEFAULT 'N',
  `content` longtext,
  `mcontent` longtext,
  `open_rss` char(1) NOT NULL DEFAULT 'Y',
  `header_text` text,
  `footer_text` text,
  `regdate` varchar(14) DEFAULT NULL
) ENGINE=MyISAM DEFAULT CHARSET=utf8;

--
-- 테이블의 덤프 데이터 `yeonriji_modules`
--

INSERT INTO `yeonriji_modules` (`module_srl`, `module`, `module_category_srl`, `layout_srl`, `use_mobile`, `mlayout_srl`, `menu_srl`, `site_srl`, `mid`, `is_skin_fix`, `skin`, `is_mskin_fix`, `mskin`, `browser_title`, `description`, `is_default`, `content`, `mcontent`, `open_rss`, `header_text`, `footer_text`, `regdate`) VALUES
(66, 'page', 0, 131, 'Y', -1, 65, 0, 'index', 'N', '/USE_DEFAULT/', 'N', '/USE_DEFAULT/', 'ABOUT', '', 'N', '<img hasContent=\"true\" class=\"zbxe_widget_output\" widget=\"widgetContent\" style=\"float: left; width: 419px; height: 300px; border-width: 0px; border-style: solid; border-color: rgb(0, 0, 0); margin: 40px 0px 50px 50px; background-image: none; background-repeat: repeat; background-position: 0% 0%;\" body=\"\" document_srl=\"152\" widget_padding_left=\"0\" widget_padding_right=\"0\" widget_padding_top=\"0\" widget_padding_bottom=\"0\" widgetstyle=\"null\"  /><img hasContent=\"true\" class=\"zbxe_widget_output\" widget=\"widgetContent\" style=\"float: left; width: 398px; border-width: 0px; border-style: solid; border-color: rgb(0, 0, 0); margin: 40px 50px 0px 40px; background-image: none; background-repeat: repeat; background-position: 0% 0%; height: 80px;\" body=\"\" document_srl=\"161\" widget_padding_left=\"20px\" widget_padding_right=\"0\" widget_padding_top=\"10px\" widget_padding_bottom=\"0\"  /><img hasContent=\"true\" class=\"zbxe_widget_output\" widget=\"widgetContent\" style=\"float: left; width: 398px; height: 219px; border-width: 0px 2px 1px 0px; border-style: solid; border-color: rgb(0, 0, 0) rgb(127, 127, 127) rgb(178, 178, 178) rgb(0, 0, 0); margin: 0px 50px 0px 40px; background-image: none; background-repeat: repeat; background-position: 0% 0%;\" body=\"\" document_srl=\"157\" widget_padding_left=\"20px\" widget_padding_right=\"30px\" widget_padding_top=\"10px\" widget_padding_bottom=\"30px\"  />', '<img hasContent=\"true\" class=\"zbxe_widget_output\" widget=\"widgetContent\" style=\"width: 100%; float: left;\" body=\"\" document_srl=\"92\" widget_padding_left=\"0\" widget_padding_right=\"0\" widget_padding_top=\"0\" widget_padding_bottom=\"0\"  />', 'Y', '', '', '20180226013240'),
(144, 'board', 0, 131, 'N', -1, 65, 0, 'board_1', 'N', '/USE_DEFAULT/', 'N', '/USE_DEFAULT/', 'NEWS', '', 'N', NULL, NULL, 'Y', '', '', '20180227114812'),
(268, 'board', 0, -1, 'N', -1, 267, 0, 'Member_1', 'N', '/USE_DEFAULT/', 'N', '/USE_DEFAULT/', '공간 연리지', '', 'N', NULL, NULL, 'Y', '', '', '20180316031706'),
(150, 'board', 0, 131, 'N', -1, 172, 0, 'board_2', 'Y', 'sketchbook5_2', 'N', '/USE_DEFAULT/', '월간 연리지', '', 'N', NULL, NULL, 'Y', '', '', '20180227114954'),
(256, 'board', 0, 131, 'N', -1, 65, 0, 'board_3', 'Y', 'sketchbook5_1', 'N', '/USE_DEFAULT/', '공간 연리지', '', 'N', NULL, NULL, 'Y', '', '', '20180315004524'),
(173, 'board', 0, -1, 'Y', -1, 172, 0, 'testID', 'N', '/USE_DEFAULT/', 'N', '/USE_DEFAULT/', 'test', '', 'N', NULL, NULL, 'Y', '', '', '20180306042026'),
(201, 'page', 0, -1, 'Y', -1, 172, 0, 'aaa', 'N', '/USE_DEFAULT/', 'N', '/USE_DEFAULT/', 'ㅁㅁㅁ', '', 'N', NULL, NULL, 'Y', '', '', '20180307020712'),
(211, 'page', 0, 131, 'Y', -1, 65, 0, 'page_enVg14', 'N', '/USE_DEFAULT/', 'N', '/USE_DEFAULT/', '테스트위젯', '', 'N', '<div widget=\"widgetBox\" style=\"float: left; width: 960px; height: 167px;\" widget_padding_left=\"0\" widget_padding_right=\"0\" widget_padding_top=\"0\" widget_padding_bottom=\"0\" draggable=\"false\" ><div><div></div></div></div><img hasContent=\"true\" class=\"zbxe_widget_output\" widget=\"widgetContent\" style=\"float: left; width: 960px; height: 185px;\" body=\"\" document_srl=\"306\" widget_padding_left=\"0\" widget_padding_right=\"0\" widget_padding_top=\"0\" widget_padding_bottom=\"0\"  />', NULL, 'Y', '', '', '20180308004334'),
(254, 'board', 0, -1, 'N', -1, 65, 0, 'board_4', 'N', '/USE_DEFAULT/', 'N', '/USE_DEFAULT/', 'Talk Talk', '', 'N', NULL, NULL, 'Y', '', '', '20180315004356'),
(270, 'board', 0, -1, 'N', -1, 267, 0, 'Member_2', 'N', '/USE_DEFAULT/', 'N', '/USE_DEFAULT/', '공간 연리지', '', 'N', NULL, NULL, 'Y', '', '', '20180316032113'),
(272, 'board', 0, -1, 'N', -1, 267, 0, 'Member_3', 'N', '/USE_DEFAULT/', 'N', '/USE_DEFAULT/', '공간 연리지', '', 'N', NULL, NULL, 'Y', '', '', '20180316032125'),
(274, 'board', 0, -1, 'N', -1, 267, 0, 'Member_4', 'N', '/USE_DEFAULT/', 'N', '/USE_DEFAULT/', '공간 연리지', '', 'N', NULL, NULL, 'Y', '', '', '20180316032139'),
(276, 'board', 0, -1, 'N', -1, 267, 0, 'Member_5', 'N', '/USE_DEFAULT/', 'N', '/USE_DEFAULT/', '공간 연리지', '', 'N', NULL, NULL, 'Y', '', '', '20180316032150'),
(278, 'board', 0, -1, 'N', -1, 267, 0, 'Member_6', 'N', '/USE_DEFAULT/', 'N', '/USE_DEFAULT/', '공간 연리지', '', 'N', NULL, NULL, 'Y', '', '', '20180316032202');

-- --------------------------------------------------------

--
-- 테이블 구조 `yeonriji_module_admins`
--

CREATE TABLE `yeonriji_module_admins` (
  `module_srl` bigint(11) NOT NULL,
  `member_srl` bigint(11) NOT NULL,
  `regdate` varchar(14) DEFAULT NULL
) ENGINE=MyISAM DEFAULT CHARSET=utf8;

-- --------------------------------------------------------

--
-- 테이블 구조 `yeonriji_module_categories`
--

CREATE TABLE `yeonriji_module_categories` (
  `module_category_srl` bigint(11) NOT NULL DEFAULT '0',
  `title` varchar(250) DEFAULT NULL,
  `regdate` varchar(14) DEFAULT NULL
) ENGINE=MyISAM DEFAULT CHARSET=utf8;

-- --------------------------------------------------------

--
-- 테이블 구조 `yeonriji_module_config`
--

CREATE TABLE `yeonriji_module_config` (
  `module` varchar(250) NOT NULL,
  `site_srl` bigint(11) NOT NULL,
  `config` text,
  `regdate` varchar(14) DEFAULT NULL
) ENGINE=MyISAM DEFAULT CHARSET=utf8;

--
-- 테이블의 덤프 데이터 `yeonriji_module_config`
--

INSERT INTO `yeonriji_module_config` (`module`, `site_srl`, `config`, `regdate`) VALUES
('comment', 0, 'N;', '20180226013239'),
('editor', 0, 'O:8:\"stdClass\":10:{s:12:\"font_defined\";s:1:\"N\";s:12:\"content_font\";N;s:11:\"editor_skin\";s:19:\"fckplus_SimpleWhite\";s:13:\"editor_height\";s:3:\"300\";s:19:\"comment_editor_skin\";s:8:\"ckeditor\";s:21:\"comment_editor_height\";s:3:\"100\";s:13:\"content_style\";s:7:\"default\";s:17:\"content_font_size\";s:4:\"13px\";s:19:\"sel_editor_colorset\";N;s:27:\"sel_comment_editor_colorset\";s:5:\"moono\";}', '20180315145056'),
('file', 0, 'O:8:\"stdClass\":3:{s:16:\"allowed_filesize\";s:1:\"2\";s:19:\"allowed_attach_size\";s:1:\"2\";s:17:\"allowed_filetypes\";s:3:\"*.*\";}', '20180226013239'),
('layout', 0, 'N;', '20180226013239'),
('point', 0, 'O:8:\"stdClass\":22:{s:11:\"able_module\";s:1:\"N\";s:9:\"max_level\";i:30;s:10:\"level_step\";a:30:{i:1;i:90;i:2;i:360;i:3;i:810;i:4;i:1440;i:5;i:2250;i:6;i:3240;i:7;i:4410;i:8;i:5760;i:9;i:7290;i:10;i:9000;i:11;i:10890;i:12;i:12960;i:13;i:15210;i:14;i:17640;i:15;i:20250;i:16;i:23040;i:17;i:26010;i:18;i:29160;i:19;i:32490;i:20;i:36000;i:21;i:39690;i:22;i:43560;i:23;i:47610;i:24;i:51840;i:25;i:56250;i:26;i:60840;i:27;i:65610;i:28;i:70560;i:29;i:75690;i:30;i:81000;}s:12:\"signup_point\";i:10;s:11:\"login_point\";i:5;s:10:\"point_name\";s:5:\"point\";s:10:\"level_icon\";s:7:\"default\";s:16:\"disable_download\";b:0;s:15:\"insert_document\";i:10;s:19:\"insert_document_act\";s:23:\"procBoardInsertDocument\";s:19:\"delete_document_act\";s:23:\"procBoardDeleteDocument\";s:14:\"insert_comment\";i:5;s:18:\"insert_comment_act\";s:44:\"procBoardInsertComment,procBlogInsertComment\";s:18:\"delete_comment_act\";s:44:\"procBoardDeleteComment,procBlogDeleteComment\";s:11:\"upload_file\";i:5;s:15:\"upload_file_act\";s:14:\"procFileUpload\";s:15:\"delete_file_act\";s:14:\"procFileDelete\";s:13:\"download_file\";i:-5;s:17:\"download_file_act\";s:16:\"procFileDownload\";s:13:\"read_document\";i:0;s:5:\"voted\";i:0;s:6:\"blamed\";i:0;}', '20180226013240'),
('rss', 0, 'N;', '20180226013239'),
('module', 0, 'O:8:\"stdClass\":3:{s:18:\"isUpdateFixedValue\";b:1;s:10:\"htmlFooter\";N;s:9:\"siteTitle\";s:16:\"월간 연리지\";}', '20180316031231'),
('autoinstall', 0, 'O:8:\"stdClass\":1:{s:14:\"downloadServer\";s:33:\"http://download.xpressengine.com/\";}', '20180226013239'),
('poll', 0, 'O:8:\"stdClass\":2:{s:4:\"skin\";s:7:\"default\";s:8:\"colorset\";s:6:\"normal\";}', '20180226013239'),
('document', 0, 'O:8:\"stdClass\":1:{s:14:\"thumbnail_type\";s:4:\"crop\";}', '20180316031231'),
('member', 0, 'O:8:\"stdClass\":38:{s:11:\"enable_join\";s:1:\"Y\";s:13:\"enable_openid\";s:1:\"N\";s:16:\"enable_auth_mail\";s:1:\"N\";s:10:\"image_name\";s:1:\"N\";s:10:\"image_mark\";s:1:\"N\";s:13:\"profile_image\";s:1:\"N\";s:20:\"image_name_max_width\";i:90;s:21:\"image_name_max_height\";i:20;s:20:\"image_mark_max_width\";i:20;s:21:\"image_mark_max_height\";i:20;s:23:\"profile_image_max_width\";i:90;s:24:\"profile_image_max_height\";i:90;s:16:\"group_image_mark\";s:1:\"N\";s:17:\"password_strength\";s:6:\"normal\";s:26:\"password_hashing_algorithm\";s:6:\"pbkdf2\";s:28:\"password_hashing_work_factor\";i:8;s:29:\"password_hashing_auto_upgrade\";s:1:\"Y\";s:10:\"signupForm\";a:13:{i:0;O:8:\"stdClass\":9:{s:12:\"isIdentifier\";b:1;s:13:\"isDefaultForm\";b:1;s:4:\"name\";s:13:\"email_address\";s:5:\"title\";s:16:\"이메일 주소\";s:12:\"mustRequired\";b:1;s:9:\"imageType\";b:0;s:8:\"required\";b:1;s:5:\"isUse\";b:1;s:8:\"isPublic\";s:1:\"N\";}i:1;O:8:\"stdClass\":9:{s:12:\"isIdentifier\";b:0;s:13:\"isDefaultForm\";b:1;s:4:\"name\";s:7:\"user_id\";s:5:\"title\";s:9:\"아이디\";s:12:\"mustRequired\";b:0;s:9:\"imageType\";b:0;s:8:\"required\";b:0;s:5:\"isUse\";b:0;s:8:\"isPublic\";s:1:\"N\";}i:2;O:8:\"stdClass\":9:{s:12:\"isIdentifier\";b:0;s:13:\"isDefaultForm\";b:1;s:4:\"name\";s:8:\"password\";s:5:\"title\";s:12:\"비밀번호\";s:12:\"mustRequired\";b:1;s:9:\"imageType\";b:0;s:8:\"required\";b:1;s:5:\"isUse\";b:1;s:8:\"isPublic\";s:1:\"N\";}i:3;O:8:\"stdClass\":9:{s:12:\"isIdentifier\";b:0;s:13:\"isDefaultForm\";b:1;s:4:\"name\";s:9:\"user_name\";s:5:\"title\";s:6:\"이름\";s:12:\"mustRequired\";b:0;s:9:\"imageType\";b:0;s:8:\"required\";b:1;s:5:\"isUse\";b:1;s:8:\"isPublic\";s:1:\"Y\";}i:4;O:8:\"stdClass\":9:{s:12:\"isIdentifier\";b:0;s:13:\"isDefaultForm\";b:1;s:4:\"name\";s:9:\"nick_name\";s:5:\"title\";s:9:\"닉네임\";s:12:\"mustRequired\";b:1;s:9:\"imageType\";b:0;s:8:\"required\";b:1;s:5:\"isUse\";b:1;s:8:\"isPublic\";s:1:\"Y\";}i:5;O:8:\"stdClass\":9:{s:12:\"isIdentifier\";b:0;s:13:\"isDefaultForm\";b:1;s:4:\"name\";s:21:\"find_account_question\";s:5:\"title\";s:33:\"비밀번호 찾기 질문/답변\";s:12:\"mustRequired\";b:1;s:9:\"imageType\";b:0;s:8:\"required\";b:1;s:5:\"isUse\";b:1;s:8:\"isPublic\";s:1:\"N\";}i:6;O:8:\"stdClass\":9:{s:12:\"isIdentifier\";b:0;s:13:\"isDefaultForm\";b:1;s:4:\"name\";s:8:\"homepage\";s:5:\"title\";s:12:\"홈페이지\";s:12:\"mustRequired\";b:0;s:9:\"imageType\";b:0;s:8:\"required\";b:0;s:5:\"isUse\";b:0;s:8:\"isPublic\";s:1:\"N\";}i:7;O:8:\"stdClass\":9:{s:12:\"isIdentifier\";b:0;s:13:\"isDefaultForm\";b:1;s:4:\"name\";s:4:\"blog\";s:5:\"title\";s:9:\"블로그\";s:12:\"mustRequired\";b:0;s:9:\"imageType\";b:0;s:8:\"required\";b:0;s:5:\"isUse\";b:0;s:8:\"isPublic\";s:1:\"N\";}i:8;O:8:\"stdClass\":9:{s:12:\"isIdentifier\";b:0;s:13:\"isDefaultForm\";b:1;s:4:\"name\";s:8:\"birthday\";s:5:\"title\";s:6:\"생일\";s:12:\"mustRequired\";b:0;s:9:\"imageType\";b:0;s:8:\"required\";b:0;s:5:\"isUse\";b:1;s:8:\"isPublic\";s:1:\"Y\";}i:9;O:8:\"stdClass\":9:{s:12:\"isIdentifier\";b:0;s:13:\"isDefaultForm\";b:1;s:4:\"name\";s:9:\"signature\";s:5:\"title\";s:6:\"서명\";s:12:\"mustRequired\";b:0;s:9:\"imageType\";b:0;s:8:\"required\";b:0;s:5:\"isUse\";b:0;s:8:\"isPublic\";s:1:\"N\";}i:10;O:8:\"stdClass\":12:{s:12:\"isIdentifier\";b:0;s:13:\"isDefaultForm\";b:1;s:4:\"name\";s:13:\"profile_image\";s:5:\"title\";s:16:\"프로필 사진\";s:12:\"mustRequired\";b:0;s:9:\"imageType\";b:1;s:8:\"required\";b:0;s:5:\"isUse\";b:0;s:8:\"isPublic\";s:1:\"N\";s:9:\"max_width\";N;s:10:\"max_height\";N;s:12:\"max_filesize\";N;}i:11;O:8:\"stdClass\":12:{s:12:\"isIdentifier\";b:0;s:13:\"isDefaultForm\";b:1;s:4:\"name\";s:10:\"image_name\";s:5:\"title\";s:16:\"이미지 이름\";s:12:\"mustRequired\";b:0;s:9:\"imageType\";b:1;s:8:\"required\";b:0;s:5:\"isUse\";b:0;s:8:\"isPublic\";s:1:\"N\";s:9:\"max_width\";N;s:10:\"max_height\";N;s:12:\"max_filesize\";N;}i:12;O:8:\"stdClass\":12:{s:12:\"isIdentifier\";b:0;s:13:\"isDefaultForm\";b:1;s:4:\"name\";s:10:\"image_mark\";s:5:\"title\";s:16:\"이미지 마크\";s:12:\"mustRequired\";b:0;s:9:\"imageType\";b:1;s:8:\"required\";b:0;s:5:\"isUse\";b:0;s:8:\"isPublic\";s:1:\"N\";s:9:\"max_width\";N;s:10:\"max_height\";N;s:12:\"max_filesize\";N;}}s:10:\"identifier\";s:13:\"email_address\";s:9:\"limit_day\";i:0;s:21:\"limit_day_description\";N;s:12:\"redirect_url\";N;s:26:\"profile_image_max_filesize\";N;s:23:\"image_name_max_filesize\";N;s:23:\"image_mark_max_filesize\";N;s:21:\"signature_editor_skin\";s:8:\"ckeditor\";s:19:\"sel_editor_colorset\";s:5:\"moono\";s:9:\"signature\";s:1:\"N\";s:10:\"layout_srl\";N;s:4:\"skin\";s:7:\"default\";s:8:\"colorset\";s:5:\"white\";s:11:\"mlayout_srl\";N;s:5:\"mskin\";s:7:\"default\";s:9:\"agreement\";N;s:14:\"webmaster_name\";s:9:\"webmaster\";s:11:\"editor_skin\";s:8:\"ckeditor\";s:15:\"max_error_count\";i:10;s:20:\"max_error_count_time\";i:300;}', '20180318121304');

-- --------------------------------------------------------

--
-- 테이블 구조 `yeonriji_module_extend`
--

CREATE TABLE `yeonriji_module_extend` (
  `parent_module` varchar(80) NOT NULL,
  `extend_module` varchar(80) NOT NULL,
  `type` varchar(15) NOT NULL,
  `kind` varchar(5) DEFAULT NULL
) ENGINE=MyISAM DEFAULT CHARSET=utf8;

-- --------------------------------------------------------

--
-- 테이블 구조 `yeonriji_module_extra_vars`
--

CREATE TABLE `yeonriji_module_extra_vars` (
  `module_srl` bigint(11) NOT NULL,
  `name` varchar(80) NOT NULL,
  `value` text
) ENGINE=MyISAM DEFAULT CHARSET=utf8;

--
-- 테이블의 덤프 데이터 `yeonriji_module_extra_vars`
--

INSERT INTO `yeonriji_module_extra_vars` (`module_srl`, `name`, `value`) VALUES
(144, 'protect_content', 'N'),
(66, 'regdate', '20180226013240'),
(66, 'page_type', 'WIDGET'),
(256, 'list_count', '6'),
(256, 'search_list_count', '20'),
(144, 'use_anonymous', 'N'),
(173, 'order_type', 'asc'),
(144, 'order_target', 'list_order'),
(144, 'order_type', 'asc'),
(144, 'list_count', '10'),
(144, 'search_list_count', '10'),
(144, 'page_count', '10'),
(144, 'mobile_list_count', '20'),
(144, 'mobile_search_list_count', '20'),
(144, 'mobile_page_count', '5'),
(144, 'list', 'no,title,nick_name,regdate,readed_count,comment_status'),
(201, 'page_type', 'ARTICLE'),
(201, 'regdate', '20180307020712'),
(150, 'list_count', '8'),
(150, 'mobile_list_count', '20'),
(150, 'mobile_page_count', '5'),
(173, 'list', 'no,title,nick_name,regdate,readed_count'),
(150, 'protect_content', 'N'),
(150, 'search_list_count', '10'),
(150, 'use_anonymous', 'N'),
(150, 'page_count', '10'),
(211, 'page_type', 'WIDGET'),
(211, 'regdate', '20180308004334'),
(150, 'order_target', 'list_order'),
(150, 'order_type', 'asc'),
(150, 'regdate', '20180227114954'),
(150, 'consultation', 'N'),
(150, 'except_notice', 'Y'),
(150, 'list', 'thumbnail,title,nick_name,regdate,readed_count,summary,last_post'),
(173, 'mobile_page_count', '5'),
(173, 'mobile_search_list_count', '20'),
(173, 'order_target', 'list_order'),
(173, 'mobile_list_count', '20'),
(173, 'list_count', '10'),
(173, 'regdate', '20180306042026'),
(173, 'consultation', 'N'),
(173, 'except_notice', 'Y'),
(173, 'page_count', '10'),
(173, 'protect_content', 'N'),
(173, 'search_list_count', '20'),
(173, 'use_anonymous', 'N'),
(173, 'use_status', 'PUBLIC'),
(254, 'use_status', 'PUBLIC'),
(144, 'consultation', 'N'),
(144, 'except_notice', 'Y'),
(144, 'use_status', 'PUBLIC'),
(254, 'except_notice', 'Y'),
(256, 'mobile_list_count', '20'),
(256, 'consultation', 'N'),
(256, 'use_status', 'PUBLIC'),
(256, 'use_anonymous', 'N'),
(256, 'except_notice', 'Y'),
(256, 'order_type', 'asc'),
(256, 'order_target', 'list_order'),
(256, 'list', 'no,title,nick_name,regdate,readed_count,user_name,user_id,thumbnail'),
(256, 'mobile_page_count', '5'),
(268, 'list_count', '8'),
(256, 'page_count', '10'),
(278, 'protect_content', 'N'),
(278, 'consultation', 'N'),
(278, 'use_anonymous', 'N'),
(278, 'use_status', 'PUBLIC'),
(278, 'except_notice', 'Y'),
(278, 'order_type', 'asc'),
(278, 'order_target', 'list_order'),
(278, 'search_list_count', '8'),
(278, 'page_count', '10'),
(278, 'mobile_list_count', '20'),
(278, 'mobile_search_list_count', '20'),
(278, 'mobile_page_count', '5'),
(278, 'list', 'thumbnail,title,nick_name,regdate,summary,last_post'),
(150, 'use_status', 'PUBLIC'),
(270, 'list_count', '8'),
(272, 'list_count', '8'),
(274, 'list_count', '8'),
(276, 'except_notice', 'Y'),
(278, 'list_count', '8'),
(256, 'mobile_search_list_count', '20'),
(150, 'mobile_search_list_count', '20'),
(256, 'protect_content', 'N'),
(276, 'mobile_list_count', '20'),
(276, 'mobile_search_list_count', '20'),
(276, 'mobile_page_count', '5'),
(276, 'list', 'thumbnail,title,nick_name,regdate,summary,last_post'),
(276, 'order_target', 'list_order'),
(276, 'order_type', 'asc'),
(276, 'list_count', '8'),
(276, 'search_list_count', '8'),
(276, 'page_count', '10'),
(268, 'search_list_count', '8'),
(268, 'page_count', '10'),
(268, 'mobile_list_count', '20'),
(268, 'mobile_search_list_count', '20'),
(268, 'mobile_page_count', '5'),
(268, 'list', 'thumbnail,title,nick_name,regdate,summary,last_post'),
(268, 'order_target', 'list_order'),
(268, 'order_type', 'asc'),
(268, 'except_notice', 'Y'),
(268, 'use_status', 'PUBLIC'),
(268, 'use_anonymous', 'N'),
(268, 'consultation', 'N'),
(268, 'protect_content', 'N'),
(270, 'search_list_count', '8'),
(270, 'page_count', '10'),
(270, 'mobile_list_count', '20'),
(270, 'mobile_search_list_count', '20'),
(270, 'mobile_page_count', '5'),
(270, 'list', 'thumbnail,title,nick_name,regdate,summary,last_post'),
(270, 'order_target', 'list_order'),
(270, 'order_type', 'asc'),
(270, 'except_notice', 'Y'),
(270, 'use_status', 'PUBLIC'),
(270, 'use_anonymous', 'N'),
(270, 'consultation', 'N'),
(270, 'protect_content', 'N'),
(272, 'search_list_count', '8'),
(272, 'page_count', '10'),
(272, 'mobile_list_count', '20'),
(272, 'mobile_search_list_count', '20'),
(272, 'mobile_page_count', '5'),
(272, 'list', 'thumbnail,title,nick_name,regdate,summary,last_post'),
(272, 'order_target', 'list_order'),
(272, 'order_type', 'asc'),
(272, 'except_notice', 'Y'),
(272, 'use_status', 'PUBLIC'),
(272, 'use_anonymous', 'N'),
(272, 'consultation', 'N'),
(272, 'protect_content', 'N'),
(274, 'search_list_count', '8'),
(274, 'page_count', '10'),
(274, 'mobile_list_count', '20'),
(274, 'mobile_search_list_count', '20'),
(274, 'mobile_page_count', '5'),
(274, 'list', 'thumbnail,title,nick_name,regdate,summary,last_post'),
(274, 'order_target', 'list_order'),
(274, 'order_type', 'asc'),
(274, 'except_notice', 'Y'),
(274, 'use_status', 'PUBLIC'),
(274, 'use_anonymous', 'N'),
(274, 'consultation', 'N'),
(274, 'protect_content', 'N'),
(276, 'use_status', 'PUBLIC'),
(276, 'use_anonymous', 'N'),
(276, 'consultation', 'N'),
(276, 'protect_content', 'N'),
(254, 'mobile_list_count', '20'),
(254, 'mobile_search_list_count', '20'),
(254, 'mobile_page_count', '5'),
(254, 'list', 'no,title,nick_name,regdate,readed_count,comment_status'),
(254, 'order_target', 'list_order'),
(254, 'order_type', 'asc'),
(254, 'list_count', '10'),
(254, 'search_list_count', '10'),
(254, 'page_count', '10'),
(254, 'use_anonymous', 'N'),
(254, 'consultation', 'N'),
(254, 'protect_content', 'N');

-- --------------------------------------------------------

--
-- 테이블 구조 `yeonriji_module_filebox`
--

CREATE TABLE `yeonriji_module_filebox` (
  `module_filebox_srl` bigint(11) NOT NULL,
  `member_srl` bigint(11) NOT NULL,
  `filename` varchar(250) NOT NULL,
  `fileextension` varchar(4) NOT NULL,
  `filesize` bigint(11) NOT NULL DEFAULT '0',
  `comment` varchar(250) DEFAULT NULL,
  `regdate` varchar(14) DEFAULT NULL
) ENGINE=MyISAM DEFAULT CHARSET=utf8;

-- --------------------------------------------------------

--
-- 테이블 구조 `yeonriji_module_grants`
--

CREATE TABLE `yeonriji_module_grants` (
  `module_srl` bigint(11) NOT NULL,
  `name` varchar(20) NOT NULL,
  `group_srl` bigint(11) NOT NULL
) ENGINE=MyISAM DEFAULT CHARSET=utf8;

--
-- 테이블의 덤프 데이터 `yeonriji_module_grants`
--

INSERT INTO `yeonriji_module_grants` (`module_srl`, `name`, `group_srl`) VALUES
(144, 'access', 0),
(144, 'consultation_read', 1),
(144, 'consultation_read', 2),
(144, 'list', 0),
(144, 'manager', 1),
(144, 'manager', 2),
(144, 'view', 0),
(144, 'write_comment', -2),
(144, 'write_document', 1),
(144, 'write_document', 2),
(254, 'access', 0),
(254, 'consultation_read', -3),
(254, 'list', 0),
(254, 'manager', -3),
(254, 'view', 0),
(254, 'write_comment', -2),
(254, 'write_document', -2),
(256, 'access', 0),
(256, 'consultation_read', -3),
(256, 'list', 0),
(256, 'manager', -3),
(256, 'view', 0),
(256, 'write_comment', -3),
(256, 'write_document', -3),
(268, 'access', 0),
(268, 'consultation_read', -3),
(268, 'list', 0),
(268, 'manager', -3),
(268, 'view', 0),
(268, 'write_comment', -2),
(268, 'write_document', 1),
(268, 'write_document', 2),
(270, 'access', 0),
(270, 'consultation_read', -3),
(270, 'list', 0),
(270, 'manager', -3),
(270, 'view', 0),
(270, 'write_comment', -2),
(270, 'write_document', 1),
(270, 'write_document', 2),
(272, 'access', 0),
(272, 'consultation_read', -3),
(272, 'list', 0),
(272, 'manager', -3),
(272, 'view', 0),
(272, 'write_comment', -2),
(272, 'write_document', 1),
(272, 'write_document', 2),
(274, 'access', 0),
(274, 'consultation_read', -3),
(274, 'list', 0),
(274, 'manager', -3),
(274, 'view', 0),
(274, 'write_comment', -2),
(274, 'write_document', 1),
(274, 'write_document', 2),
(276, 'access', 0),
(276, 'consultation_read', -3),
(276, 'list', 0),
(276, 'manager', -3),
(276, 'view', 0),
(276, 'write_comment', -2),
(276, 'write_document', 1),
(276, 'write_document', 2),
(278, 'access', 0),
(278, 'consultation_read', -3),
(278, 'list', 0),
(278, 'manager', -3),
(278, 'view', 0),
(278, 'write_comment', -2),
(278, 'write_document', 1),
(278, 'write_document', 2);

-- --------------------------------------------------------

--
-- 테이블 구조 `yeonriji_module_locks`
--

CREATE TABLE `yeonriji_module_locks` (
  `lock_name` varchar(40) NOT NULL,
  `deadline` varchar(14) DEFAULT NULL,
  `member_srl` bigint(11) DEFAULT NULL
) ENGINE=MyISAM DEFAULT CHARSET=utf8;

-- --------------------------------------------------------

--
-- 테이블 구조 `yeonriji_module_mobile_skins`
--

CREATE TABLE `yeonriji_module_mobile_skins` (
  `module_srl` bigint(11) NOT NULL,
  `name` varchar(80) NOT NULL,
  `value` text
) ENGINE=MyISAM DEFAULT CHARSET=utf8;

-- --------------------------------------------------------

--
-- 테이블 구조 `yeonriji_module_part_config`
--

CREATE TABLE `yeonriji_module_part_config` (
  `module` varchar(250) NOT NULL,
  `module_srl` bigint(11) NOT NULL,
  `config` text,
  `regdate` varchar(14) DEFAULT NULL
) ENGINE=MyISAM DEFAULT CHARSET=utf8;

--
-- 테이블의 덤프 데이터 `yeonriji_module_part_config`
--

INSERT INTO `yeonriji_module_part_config` (`module`, `module_srl`, `config`, `regdate`) VALUES
('editor', 66, 'O:8:\"stdClass\":19:{s:11:\"editor_skin\";s:8:\"ckeditor\";s:19:\"comment_editor_skin\";s:8:\"ckeditor\";s:13:\"content_style\";s:14:\"ckeditor_light\";s:21:\"comment_content_style\";s:7:\"default\";s:12:\"content_font\";N;s:17:\"content_font_size\";N;s:19:\"sel_editor_colorset\";s:5:\"moono\";s:27:\"sel_comment_editor_colorset\";s:5:\"moono\";s:17:\"enable_html_grant\";a:0:{}s:25:\"enable_comment_html_grant\";a:0:{}s:17:\"upload_file_grant\";a:0:{}s:25:\"comment_upload_file_grant\";a:0:{}s:30:\"enable_default_component_grant\";a:0:{}s:38:\"enable_comment_default_component_grant\";a:0:{}s:22:\"enable_component_grant\";a:0:{}s:30:\"enable_comment_component_grant\";a:0:{}s:13:\"editor_height\";i:500;s:21:\"comment_editor_height\";i:120;s:15:\"enable_autosave\";s:1:\"Y\";}', '20180227043722'),
('layout', 89, 'O:8:\"stdClass\":1:{s:13:\"header_script\";N;}', '20180227110110'),
('layout', 139, 'O:8:\"stdClass\":1:{s:13:\"header_script\";N;}', '20180227050334'),
('layout', 142, 'O:8:\"stdClass\":1:{s:13:\"header_script\";N;}', '20180228115718'),
('layout', 143, 'O:8:\"stdClass\":1:{s:13:\"header_script\";N;}', '20180227090657'),
('layout', 140, 'O:8:\"stdClass\":1:{s:13:\"header_script\";N;}', '20180306043454'),
('board', 144, 'a:6:{i:0;s:2:\"no\";i:1;s:5:\"title\";i:2;s:9:\"nick_name\";i:3;s:7:\"regdate\";i:4;s:12:\"readed_count\";i:5;s:14:\"comment_status\";}', '20180318140132'),
('layout', 131, 'O:8:\"stdClass\":1:{s:13:\"header_script\";N;}', '20180314234612'),
('layout', 192, 'O:8:\"stdClass\":1:{s:13:\"header_script\";N;}', '20180307013238'),
('layout', 193, 'O:8:\"stdClass\":1:{s:13:\"header_script\";N;}', '20180307013346'),
('board', 150, 'a:7:{i:0;s:9:\"thumbnail\";i:1;s:5:\"title\";i:2;s:9:\"nick_name\";i:3;s:7:\"regdate\";i:4;s:12:\"readed_count\";i:5;s:7:\"summary\";i:6;s:9:\"last_post\";}', '20180318010846'),
('board', 173, 'a:5:{i:0;s:2:\"no\";i:1;s:5:\"title\";i:2;s:9:\"nick_name\";i:3;s:7:\"regdate\";i:4;s:12:\"readed_count\";}', '20180311005955'),
('editor', 256, 'O:8:\"stdClass\":19:{s:11:\"editor_skin\";s:19:\"fckplus_SimpleWhite\";s:19:\"comment_editor_skin\";s:8:\"ckeditor\";s:13:\"content_style\";s:14:\"ckeditor_light\";s:21:\"comment_content_style\";s:7:\"default\";s:12:\"content_font\";N;s:17:\"content_font_size\";s:4:\"13px\";s:19:\"sel_editor_colorset\";N;s:27:\"sel_comment_editor_colorset\";s:5:\"moono\";s:17:\"enable_html_grant\";a:0:{}s:25:\"enable_comment_html_grant\";a:0:{}s:17:\"upload_file_grant\";a:0:{}s:25:\"comment_upload_file_grant\";a:0:{}s:30:\"enable_default_component_grant\";a:0:{}s:38:\"enable_comment_default_component_grant\";a:0:{}s:22:\"enable_component_grant\";a:0:{}s:30:\"enable_comment_component_grant\";a:0:{}s:13:\"editor_height\";i:500;s:21:\"comment_editor_height\";i:120;s:15:\"enable_autosave\";s:1:\"Y\";}', '20180315145414'),
('board', 256, 'a:8:{i:0;s:2:\"no\";i:1;s:5:\"title\";i:2;s:9:\"nick_name\";i:3;s:7:\"regdate\";i:4;s:12:\"readed_count\";i:5;s:9:\"user_name\";i:6;s:7:\"user_id\";i:7;s:9:\"thumbnail\";}', '20180318124703'),
('board', 278, 'a:6:{i:0;s:9:\"thumbnail\";i:1;s:5:\"title\";i:2;s:9:\"nick_name\";i:3;s:7:\"regdate\";i:4;s:7:\"summary\";i:5;s:9:\"last_post\";}', '20180318130407'),
('board', 276, 'a:6:{i:0;s:9:\"thumbnail\";i:1;s:5:\"title\";i:2;s:9:\"nick_name\";i:3;s:7:\"regdate\";i:4;s:7:\"summary\";i:5;s:9:\"last_post\";}', '20180318135702'),
('board', 268, 'a:6:{i:0;s:9:\"thumbnail\";i:1;s:5:\"title\";i:2;s:9:\"nick_name\";i:3;s:7:\"regdate\";i:4;s:7:\"summary\";i:5;s:9:\"last_post\";}', '20180318133814'),
('board', 270, 'a:6:{i:0;s:9:\"thumbnail\";i:1;s:5:\"title\";i:2;s:9:\"nick_name\";i:3;s:7:\"regdate\";i:4;s:7:\"summary\";i:5;s:9:\"last_post\";}', '20180318134505'),
('board', 272, 'a:6:{i:0;s:9:\"thumbnail\";i:1;s:5:\"title\";i:2;s:9:\"nick_name\";i:3;s:7:\"regdate\";i:4;s:7:\"summary\";i:5;s:9:\"last_post\";}', '20180318134854'),
('board', 274, 'a:6:{i:0;s:9:\"thumbnail\";i:1;s:5:\"title\";i:2;s:9:\"nick_name\";i:3;s:7:\"regdate\";i:4;s:7:\"summary\";i:5;s:9:\"last_post\";}', '20180318135353'),
('board', 254, 'a:6:{i:0;s:2:\"no\";i:1;s:5:\"title\";i:2;s:9:\"nick_name\";i:3;s:7:\"regdate\";i:4;s:12:\"readed_count\";i:5;s:14:\"comment_status\";}', '20180318140146');

-- --------------------------------------------------------

--
-- 테이블 구조 `yeonriji_module_skins`
--

CREATE TABLE `yeonriji_module_skins` (
  `module_srl` bigint(11) NOT NULL,
  `name` varchar(80) NOT NULL,
  `value` text
) ENGINE=MyISAM DEFAULT CHARSET=utf8;

--
-- 테이블의 덤프 데이터 `yeonriji_module_skins`
--

INSERT INTO `yeonriji_module_skins` (`module_srl`, `name`, `value`) VALUES
(144, 'write_btm_btn', '2'),
(144, 'btm_mn', 'a:1:{i:0;s:4:\"home\";}'),
(144, 'duration_new', '12'),
(150, 'viewer', 'N'),
(150, 'deco', 'N'),
(150, 'viewer_with', 'N'),
(150, 'zine_thumb_width', '250'),
(150, 'zine_thumb_height', '250'),
(150, 'zine_ribbon', 'N'),
(150, 'thumbnail_width', '400'),
(150, 'thumbnail_height', '300'),
(150, 'gallery_tl', 'N'),
(150, 'li_width', '400'),
(150, 'li_height', '300'),
(150, 'gall_shadow', 'N'),
(150, 'gall_ribbon', 'N'),
(150, 'trans_window', 'N'),
(150, 'default_style', 'gallery'),
(150, 'color', '333333'),
(150, 'hover', 'N'),
(150, 'breadcrumb', 'N'),
(150, 'srch_window', 'N'),
(150, 'write_btn', '2'),
(150, 'font_btn', 'N'),
(150, 'display_setup_button', 'N'),
(150, 'srch_btm', 'N'),
(150, 'write_btm_btn', '2'),
(150, 'rd_lst', 'N'),
(150, 'duration_new', '12'),
(150, 'zine_hover', 'N'),
(256, 'viewer_lst', 'N'),
(256, 'viewer', 'N'),
(256, 'font_btn', 'N'),
(256, 'select_lst', 'N'),
(256, 'display_setup_button', 'N'),
(256, 'srch_btm', 'N'),
(256, 'write_btm_btn', 'N'),
(256, 'color', '333333'),
(256, 'hover', 'N'),
(144, 'select_editor', 'N'),
(278, 'show_files', '3'),
(278, 'zine_thumb_height', '250'),
(256, 'rd_lst', 'N'),
(256, 'duration_new', '12'),
(256, 'thumbnail_width', '400'),
(256, 'thumbnail_height', '300'),
(256, 'gallery_tl', 'N'),
(256, 'li_width', '400'),
(256, 'li_height', '300'),
(256, 'gall_shadow', 'N'),
(256, 'gall_ribbon', 'N'),
(256, 'trans_window', 'N'),
(256, 'deco', 'N'),
(256, 'viewer_with', 'N'),
(256, 'wizard', 'N'),
(256, 'default_style', 'gallery'),
(256, 'link_board', '2'),
(278, 'rd_nav', 'N'),
(150, 'viewer_lst', 'N'),
(278, 'select_editor', 'N'),
(278, 'zine_ribbon', 'N'),
(256, 'write_btn', '2'),
(256, 'breadcrumb', 'N'),
(278, 'zine_hover', 'N'),
(144, 'rd_nav_item', 'N'),
(144, 'votes', 'N'),
(144, 'rd_nav', 'N'),
(144, 'rd_nav_side', 'N'),
(144, 'show_files', '3'),
(144, 'wizard', 'N'),
(144, 'default_style', 'list'),
(144, 'color', '333333'),
(144, 'breadcrumb', 'N'),
(144, 'write_btn', '2'),
(144, 'font_btn', 'N'),
(144, 'select_lst', 'N'),
(256, 'srch_window', 'N'),
(278, 'votes', 'N'),
(278, 'zine_thumb_width', '250'),
(278, 'wizard', 'N'),
(278, 'default_style', 'webzine'),
(278, 'color', '333333'),
(278, 'hover', 'N'),
(278, 'write_btn', '2'),
(278, 'font_btn', 'N'),
(278, 'select_lst', 'N'),
(278, 'write_btm_btn', '2'),
(278, 'rd_lst', 'N'),
(278, 'duration_new', '12'),
(144, 'profile_img', 'no_profile'),
(276, 'default_style', 'webzine'),
(276, 'wizard', 'N'),
(268, 'zine_ribbon', 'N'),
(268, 'select_editor', 'N'),
(268, 'show_files', '3'),
(268, 'wizard', 'N'),
(268, 'default_style', 'webzine'),
(268, 'color', '333333'),
(268, 'hover', 'N'),
(268, 'write_btn', '2'),
(268, 'font_btn', 'N'),
(268, 'select_lst', 'N'),
(268, 'write_btm_btn', '2'),
(268, 'rd_lst', 'N'),
(268, 'duration_new', '12'),
(268, 'zine_hover', 'N'),
(268, 'zine_thumb_width', '250'),
(268, 'zine_thumb_height', '250'),
(268, 'rd_nav', 'N'),
(268, 'votes', 'N'),
(270, 'rd_lst', 'N'),
(270, 'duration_new', '12'),
(270, 'font_btn', 'N'),
(270, 'zine_hover', 'N'),
(270, 'select_lst', 'N'),
(270, 'write_btm_btn', '2'),
(270, 'write_btn', '2'),
(270, 'wizard', 'N'),
(270, 'default_style', 'webzine'),
(270, 'color', '333333'),
(270, 'hover', 'N'),
(272, 'duration_new', '12'),
(272, 'zine_hover', 'N'),
(272, 'font_btn', 'N'),
(272, 'write_btm_btn', '2'),
(272, 'rd_lst', 'N'),
(272, 'wizard', 'N'),
(272, 'default_style', 'webzine'),
(272, 'color', '333333'),
(272, 'hover', 'N'),
(272, 'write_btn', '2'),
(270, 'zine_thumb_width', '250'),
(270, 'zine_thumb_height', '250'),
(270, 'zine_ribbon', 'N'),
(270, 'select_editor', 'N'),
(270, 'show_files', '3'),
(270, 'rd_nav', 'N'),
(270, 'votes', 'N'),
(272, 'zine_thumb_width', '250'),
(272, 'zine_thumb_height', '250'),
(272, 'zine_ribbon', 'N'),
(272, 'select_editor', 'N'),
(272, 'show_files', '3'),
(272, 'rd_nav', 'N'),
(272, 'votes', 'N'),
(274, 'wizard', 'N'),
(274, 'default_style', 'webzine'),
(274, 'color', '333333'),
(274, 'hover', 'N'),
(274, 'write_btn', '2'),
(274, 'font_btn', 'N'),
(274, 'select_lst', 'N'),
(274, 'write_btm_btn', '2'),
(274, 'rd_lst', 'N'),
(274, 'duration_new', '12'),
(274, 'zine_hover', 'N'),
(274, 'zine_thumb_width', '250'),
(274, 'zine_thumb_height', '250'),
(274, 'zine_ribbon', 'N'),
(274, 'select_editor', 'N'),
(274, 'show_files', '3'),
(274, 'rd_nav', 'N'),
(274, 'votes', 'N'),
(276, 'color', '333333'),
(276, 'hover', 'N'),
(276, 'write_btn', '2'),
(276, 'font_btn', 'N'),
(276, 'select_lst', 'N'),
(276, 'write_btm_btn', '2'),
(276, 'rd_lst', 'N'),
(276, 'duration_new', '12'),
(276, 'zine_hover', 'N'),
(276, 'zine_thumb_width', '250'),
(276, 'zine_thumb_height', '250'),
(276, 'zine_ribbon', 'N'),
(276, 'select_editor', 'N'),
(276, 'show_files', '3'),
(276, 'rd_nav', 'N'),
(276, 'votes', 'N'),
(254, 'duration_new', '12'),
(254, 'btm_mn', 'a:1:{i:0;s:4:\"home\";}'),
(254, 'breadcrumb', 'N'),
(254, 'font_btn', 'N'),
(254, 'color', '333333'),
(254, 'select_lst', 'N'),
(254, 'default_style', 'list'),
(254, 'select_editor', 'N'),
(254, 'show_files', '3'),
(254, 'rd_nav', 'N'),
(254, 'rd_nav_side', 'N'),
(254, 'rd_nav_item', 'N'),
(254, 'votes', 'N'),
(254, 'profile_img', 'no_profile');

-- --------------------------------------------------------

--
-- 테이블 구조 `yeonriji_module_trigger`
--

CREATE TABLE `yeonriji_module_trigger` (
  `trigger_name` varchar(80) NOT NULL,
  `called_position` varchar(15) NOT NULL,
  `module` varchar(80) NOT NULL,
  `type` varchar(15) NOT NULL,
  `called_method` varchar(80) NOT NULL
) ENGINE=MyISAM DEFAULT CHARSET=utf8;

--
-- 테이블의 덤프 데이터 `yeonriji_module_trigger`
--

INSERT INTO `yeonriji_module_trigger` (`trigger_name`, `called_position`, `module`, `type`, `called_method`) VALUES
('comment.deleteComment', 'after', 'file', 'controller', 'triggerCommentDeleteAttached'),
('comment.deleteComment', 'after', 'poll', 'controller', 'triggerDeleteCommentPoll'),
('comment.getCommentMenu', 'after', 'member', 'controller', 'triggerGetCommentMenu'),
('comment.insertComment', 'after', 'file', 'controller', 'triggerCommentAttachFiles'),
('comment.insertComment', 'after', 'poll', 'controller', 'triggerInsertCommentPoll'),
('comment.insertComment', 'before', 'file', 'controller', 'triggerCommentCheckAttached'),
('comment.insertComment', 'before', 'spamfilter', 'controller', 'triggerInsertComment'),
('comment.updateComment', 'after', 'file', 'controller', 'triggerCommentAttachFiles'),
('comment.updateComment', 'after', 'poll', 'controller', 'triggerUpdateCommentPoll'),
('comment.updateComment', 'before', 'file', 'controller', 'triggerCommentCheckAttached'),
('comment.updateComment', 'before', 'spamfilter', 'controller', 'triggerInsertComment'),
('communication.sendMessage', 'before', 'spamfilter', 'controller', 'triggerSendMessage'),
('display', 'before', 'editor', 'controller', 'triggerEditorComponentCompile'),
('display', 'before', 'seo', 'controller', 'triggerBeforeDisplay'),
('display', 'before', 'widget', 'controller', 'triggerWidgetCompile'),
('document.deleteDocument', 'after', 'comment', 'controller', 'triggerDeleteDocumentComments'),
('document.deleteDocument', 'after', 'file', 'controller', 'triggerDeleteAttached'),
('document.deleteDocument', 'after', 'poll', 'controller', 'triggerDeleteDocumentPoll'),
('document.deleteDocument', 'after', 'seo', 'controller', 'triggerAfterDocumentDeleteDocument'),
('document.deleteDocument', 'after', 'syndication', 'controller', 'triggerDeleteDocument'),
('document.deleteDocument', 'after', 'tag', 'controller', 'triggerDeleteTag'),
('document.getDocumentMenu', 'after', 'member', 'controller', 'triggerGetDocumentMenu'),
('document.insertDocument', 'after', 'editor', 'controller', 'triggerDeleteSavedDoc'),
('document.insertDocument', 'after', 'file', 'controller', 'triggerAttachFiles'),
('document.insertDocument', 'after', 'poll', 'controller', 'triggerInsertDocumentPoll'),
('document.insertDocument', 'after', 'syndication', 'controller', 'triggerInsertDocument'),
('document.insertDocument', 'after', 'tag', 'controller', 'triggerInsertTag'),
('document.insertDocument', 'before', 'file', 'controller', 'triggerCheckAttached'),
('document.insertDocument', 'before', 'spamfilter', 'controller', 'triggerInsertDocument'),
('document.insertDocument', 'before', 'tag', 'controller', 'triggerArrangeTag'),
('document.moveDocumentModule', 'after', 'syndication', 'controller', 'triggerMoveDocumentModule'),
('document.moveDocumentToTrash', 'after', 'syndication', 'controller', 'triggerMoveDocumentToTrash'),
('document.restoreTrash', 'after', 'syndication', 'controller', 'triggerRestoreTrash'),
('document.updateDocument', 'after', 'editor', 'controller', 'triggerDeleteSavedDoc'),
('document.updateDocument', 'after', 'file', 'controller', 'triggerAttachFiles'),
('document.updateDocument', 'after', 'poll', 'controller', 'triggerUpdateDocumentPoll'),
('document.updateDocument', 'after', 'seo', 'controller', 'triggerAfterDocumentUpdateDocument'),
('document.updateDocument', 'after', 'syndication', 'controller', 'triggerUpdateDocument'),
('document.updateDocument', 'after', 'tag', 'controller', 'triggerInsertTag'),
('document.updateDocument', 'before', 'file', 'controller', 'triggerCheckAttached'),
('document.updateDocument', 'before', 'spamfilter', 'controller', 'triggerInsertDocument'),
('document.updateDocument', 'before', 'tag', 'controller', 'triggerArrangeTag'),
('editor.deleteSavedDoc', 'after', 'file', 'controller', 'triggerDeleteAttached'),
('file.deleteFile', 'after', 'seo', 'controller', 'triggerAfterFileDeleteFile'),
('member.getMemberMenu', 'after', 'board', 'controller', 'triggerMemberMenu'),
('menu.getModuleListInSitemap', 'after', 'board', 'model', 'triggerModuleListInSitemap'),
('module.deleteModule', 'after', 'comment', 'controller', 'triggerDeleteModuleComments'),
('module.deleteModule', 'after', 'document', 'controller', 'triggerDeleteModuleDocuments'),
('module.deleteModule', 'after', 'file', 'controller', 'triggerDeleteModuleFiles'),
('module.deleteModule', 'after', 'syndication', 'controller', 'triggerDeleteModule'),
('module.deleteModule', 'after', 'tag', 'controller', 'triggerDeleteModuleTags'),
('module.dispAdditionSetup', 'before', 'comment', 'view', 'triggerDispCommentAdditionSetup'),
('module.dispAdditionSetup', 'before', 'document', 'view', 'triggerDispDocumentAdditionSetup'),
('module.dispAdditionSetup', 'before', 'editor', 'view', 'triggerDispEditorAdditionSetup'),
('module.dispAdditionSetup', 'before', 'file', 'view', 'triggerDispFileAdditionSetup'),
('module.dispAdditionSetup', 'before', 'rss', 'view', 'triggerDispRssAdditionSetup'),
('module.procModuleAdminCopyModule', 'after', 'comment', 'controller', 'triggerCopyModule'),
('module.procModuleAdminCopyModule', 'after', 'document', 'controller', 'triggerCopyModule'),
('module.procModuleAdminCopyModule', 'after', 'document', 'controller', 'triggerCopyModuleExtraKeys'),
('module.procModuleAdminCopyModule', 'after', 'editor', 'controller', 'triggerCopyModule'),
('module.procModuleAdminCopyModule', 'after', 'file', 'controller', 'triggerCopyModule'),
('module.procModuleAdminCopyModule', 'after', 'rss', 'controller', 'triggerCopyModule'),
('moduleHandler.proc', 'after', 'rss', 'controller', 'triggerRssUrlInsert'),
('trackback.insertTrackback', 'before', 'spamfilter', 'controller', 'triggerInsertTrackback');

-- --------------------------------------------------------

--
-- 테이블 구조 `yeonriji_module_update`
--

CREATE TABLE `yeonriji_module_update` (
  `update_id` varchar(250) NOT NULL
) ENGINE=MyISAM DEFAULT CHARSET=utf8;

--
-- 테이블의 덤프 데이터 `yeonriji_module_update`
--

INSERT INTO `yeonriji_module_update` (`update_id`) VALUES
('addon.1.9.3.updated'),
('admin.1.9.3.updated'),
('autoinstall.1.9.3.updated'),
('board.1.9.3.updated'),
('comment.1.9.3.updated'),
('communication.1.9.3.updated'),
('counter.1.9.3.updated'),
('document.1.9.3.updated'),
('editor.1.9.3.updated'),
('file.1.9.3.updated'),
('integration_search.1.9.3.updated'),
('layout.1.9.3.updated'),
('member.1.8.43.recreate_signup_ruleset'),
('member.1.9.3.updated'),
('menu.1.9.3.updated'),
('message.1.9.3.updated'),
('module.1.9.3.updated'),
('page.1.9.3.updated'),
('poll.1.9.3.updated'),
('rss.1.9.3.updated'),
('session.1.9.3.updated'),
('spamfilter.1.9.3.updated'),
('tag.1.9.3.updated'),
('widget.1.9.3.updated');

-- --------------------------------------------------------

--
-- 테이블 구조 `yeonriji_point`
--

CREATE TABLE `yeonriji_point` (
  `member_srl` bigint(11) NOT NULL,
  `point` bigint(11) NOT NULL DEFAULT '0'
) ENGINE=MyISAM DEFAULT CHARSET=utf8;

-- --------------------------------------------------------

--
-- 테이블 구조 `yeonriji_poll`
--

CREATE TABLE `yeonriji_poll` (
  `poll_srl` bigint(11) NOT NULL,
  `stop_date` varchar(14) DEFAULT NULL,
  `upload_target_srl` bigint(11) NOT NULL,
  `poll_count` bigint(11) NOT NULL,
  `member_srl` bigint(11) NOT NULL,
  `ipaddress` varchar(128) NOT NULL,
  `regdate` varchar(14) DEFAULT NULL,
  `list_order` bigint(11) NOT NULL
) ENGINE=MyISAM DEFAULT CHARSET=utf8;

-- --------------------------------------------------------

--
-- 테이블 구조 `yeonriji_poll_item`
--

CREATE TABLE `yeonriji_poll_item` (
  `poll_item_srl` bigint(11) NOT NULL,
  `poll_srl` bigint(11) NOT NULL,
  `poll_index_srl` bigint(11) NOT NULL,
  `upload_target_srl` bigint(11) NOT NULL,
  `title` varchar(250) NOT NULL,
  `poll_count` bigint(11) NOT NULL
) ENGINE=MyISAM DEFAULT CHARSET=utf8;

-- --------------------------------------------------------

--
-- 테이블 구조 `yeonriji_poll_log`
--

CREATE TABLE `yeonriji_poll_log` (
  `poll_srl` bigint(11) NOT NULL,
  `member_srl` bigint(11) NOT NULL,
  `ipaddress` varchar(128) NOT NULL,
  `regdate` varchar(14) DEFAULT NULL
) ENGINE=MyISAM DEFAULT CHARSET=utf8;

-- --------------------------------------------------------

--
-- 테이블 구조 `yeonriji_poll_title`
--

CREATE TABLE `yeonriji_poll_title` (
  `poll_srl` bigint(11) NOT NULL,
  `poll_index_srl` bigint(11) NOT NULL,
  `title` varchar(250) NOT NULL,
  `checkcount` bigint(11) NOT NULL DEFAULT '1',
  `poll_count` bigint(11) NOT NULL,
  `upload_target_srl` bigint(11) NOT NULL,
  `member_srl` bigint(11) NOT NULL,
  `ipaddress` varchar(128) NOT NULL,
  `regdate` varchar(14) DEFAULT NULL,
  `list_order` bigint(11) NOT NULL
) ENGINE=MyISAM DEFAULT CHARSET=utf8;

-- --------------------------------------------------------

--
-- 테이블 구조 `yeonriji_sequence`
--

CREATE TABLE `yeonriji_sequence` (
  `seq` bigint(64) NOT NULL
) ENGINE=MyISAM DEFAULT CHARSET=utf8;

--
-- 테이블의 덤프 데이터 `yeonriji_sequence`
--

INSERT INTO `yeonriji_sequence` (`seq`) VALUES
(1),
(2),
(3),
(4),
(5),
(6),
(7),
(8),
(9),
(10),
(11),
(12),
(13),
(14),
(15),
(16),
(17),
(18),
(19),
(20),
(21),
(22),
(23),
(24),
(25),
(26),
(27),
(28),
(29),
(30),
(31),
(32),
(33),
(34),
(35),
(36),
(37),
(38),
(39),
(40),
(41),
(42),
(43),
(44),
(45),
(46),
(47),
(48),
(49),
(50),
(51),
(52),
(53),
(54),
(55),
(56),
(57),
(58),
(59),
(60),
(61),
(62),
(63),
(64),
(65),
(66),
(67),
(68),
(69),
(70),
(71),
(72),
(73),
(74),
(75),
(76),
(77),
(78),
(79),
(80),
(81),
(82),
(83),
(84),
(85),
(86),
(87),
(88),
(89),
(90),
(91),
(92),
(93),
(94),
(95),
(96),
(97),
(98),
(99),
(100),
(101),
(102),
(103),
(104),
(105),
(106),
(107),
(108),
(109),
(110),
(111),
(112),
(113),
(114),
(115),
(116),
(117),
(118),
(119),
(120),
(121),
(122),
(123),
(124),
(125),
(126),
(127),
(128),
(129),
(130),
(131),
(132),
(133),
(134),
(135),
(136),
(137),
(138),
(139),
(140),
(141),
(142),
(143),
(144),
(145),
(146),
(147),
(148),
(149),
(150),
(151),
(152),
(153),
(154),
(155),
(156),
(157),
(158),
(159),
(160),
(161),
(162),
(163),
(164),
(165),
(166),
(167),
(168),
(169),
(170),
(171),
(172),
(173),
(174),
(175),
(176),
(177),
(178),
(179),
(180),
(181),
(182),
(183),
(184),
(185),
(186),
(187),
(188),
(189),
(190),
(191),
(192),
(193),
(194),
(195),
(196),
(197),
(198),
(199),
(200),
(201),
(202),
(203),
(204),
(205),
(206),
(207),
(208),
(209),
(210),
(211),
(212),
(213),
(214),
(215),
(216),
(217),
(218),
(219),
(220),
(221),
(222),
(223),
(224),
(225),
(226),
(227),
(228),
(229),
(230),
(231),
(232),
(233),
(234),
(235),
(236),
(237),
(238),
(239),
(240),
(241),
(242),
(243),
(244),
(245),
(246),
(247),
(248),
(249),
(250),
(251),
(252),
(253),
(254),
(255),
(256),
(257),
(258),
(259),
(260),
(261),
(262),
(263),
(264),
(265),
(266),
(267),
(268),
(269),
(270),
(271),
(272),
(273),
(274),
(275),
(276),
(277),
(278),
(279),
(280),
(281),
(282),
(283),
(284),
(285),
(286),
(287),
(288),
(289),
(290),
(291),
(292),
(293),
(294),
(295),
(296),
(297),
(298),
(299),
(300),
(301),
(302),
(303),
(304),
(305),
(306),
(307),
(308),
(309),
(310),
(311),
(312),
(313),
(314),
(315),
(316),
(317),
(318),
(319),
(320),
(321),
(322),
(323),
(324),
(325),
(326),
(327),
(328),
(329),
(330),
(331),
(332),
(333),
(334),
(335),
(336),
(337),
(338),
(339),
(340),
(341),
(342),
(343),
(344),
(345),
(346),
(347),
(348),
(349),
(350),
(351),
(352),
(353),
(354),
(355),
(356),
(357),
(358),
(359),
(360),
(361),
(362),
(363),
(364),
(365),
(366),
(367),
(368),
(369),
(370),
(371),
(372),
(373),
(374),
(375),
(376),
(377),
(378),
(379),
(380),
(381),
(382),
(383),
(384),
(385),
(386),
(387),
(388),
(389),
(390),
(391),
(392),
(393),
(394),
(395),
(396),
(397),
(398),
(399),
(400),
(401),
(402),
(403),
(404),
(405),
(406),
(407),
(408);

-- --------------------------------------------------------

--
-- 테이블 구조 `yeonriji_session`
--

CREATE TABLE `yeonriji_session` (
  `session_key` varchar(255) NOT NULL,
  `member_srl` bigint(11) NOT NULL,
  `expired` varchar(14) DEFAULT NULL,
  `val` longtext,
  `ipaddress` varchar(128) NOT NULL,
  `last_update` varchar(14) DEFAULT NULL,
  `cur_mid` varchar(128) DEFAULT NULL
) ENGINE=MyISAM DEFAULT CHARSET=utf8;

-- --------------------------------------------------------

--
-- 테이블 구조 `yeonriji_sites`
--

CREATE TABLE `yeonriji_sites` (
  `site_srl` bigint(11) NOT NULL,
  `index_module_srl` bigint(11) DEFAULT '0',
  `domain` varchar(255) NOT NULL,
  `default_language` varchar(255) DEFAULT NULL,
  `regdate` varchar(14) DEFAULT NULL
) ENGINE=MyISAM DEFAULT CHARSET=utf8;

--
-- 테이블의 덤프 데이터 `yeonriji_sites`
--

INSERT INTO `yeonriji_sites` (`site_srl`, `index_module_srl`, `domain`, `default_language`, `regdate`) VALUES
(0, 66, 'localhost/', 'ko', '20180226013238');

-- --------------------------------------------------------

--
-- 테이블 구조 `yeonriji_site_admin`
--

CREATE TABLE `yeonriji_site_admin` (
  `site_srl` bigint(11) NOT NULL,
  `member_srl` bigint(11) NOT NULL,
  `regdate` varchar(14) DEFAULT NULL
) ENGINE=MyISAM DEFAULT CHARSET=utf8;

-- --------------------------------------------------------

--
-- 테이블 구조 `yeonriji_spamfilter_denied_ip`
--

CREATE TABLE `yeonriji_spamfilter_denied_ip` (
  `ipaddress` varchar(250) NOT NULL,
  `description` varchar(250) DEFAULT NULL,
  `regdate` varchar(14) DEFAULT NULL
) ENGINE=MyISAM DEFAULT CHARSET=utf8;

-- --------------------------------------------------------

--
-- 테이블 구조 `yeonriji_spamfilter_denied_word`
--

CREATE TABLE `yeonriji_spamfilter_denied_word` (
  `word` varchar(250) NOT NULL,
  `hit` bigint(20) NOT NULL DEFAULT '0',
  `latest_hit` varchar(14) DEFAULT NULL,
  `regdate` varchar(14) DEFAULT NULL
) ENGINE=MyISAM DEFAULT CHARSET=utf8;

-- --------------------------------------------------------

--
-- 테이블 구조 `yeonriji_spamfilter_log`
--

CREATE TABLE `yeonriji_spamfilter_log` (
  `spamfilter_log_srl` bigint(11) NOT NULL,
  `ipaddress` varchar(250) NOT NULL,
  `regdate` varchar(14) DEFAULT NULL
) ENGINE=MyISAM DEFAULT CHARSET=utf8;

--
-- 테이블의 덤프 데이터 `yeonriji_spamfilter_log`
--

INSERT INTO `yeonriji_spamfilter_log` (`spamfilter_log_srl`, `ipaddress`, `regdate`) VALUES
(308, '::1', '20180318114307'),
(321, '::1', '20180318121446'),
(325, '::1', '20180318121500'),
(329, '::1', '20180318121546'),
(333, '::1', '20180318121558'),
(337, '::1', '20180318121607'),
(360, '::1', '20180318131021'),
(385, '::1', '20180318140907'),
(389, '::1', '20180318140923'),
(392, '::1', '20180318140958'),
(400, '::1', '20180318141201');

-- --------------------------------------------------------

--
-- 테이블 구조 `yeonriji_syndication_except_modules`
--

CREATE TABLE `yeonriji_syndication_except_modules` (
  `module_srl` bigint(11) NOT NULL,
  `regdate` varchar(14) DEFAULT NULL
) ENGINE=MyISAM DEFAULT CHARSET=utf8;

-- --------------------------------------------------------

--
-- 테이블 구조 `yeonriji_syndication_logs`
--

CREATE TABLE `yeonriji_syndication_logs` (
  `log_srl` bigint(11) NOT NULL,
  `module_srl` bigint(11) DEFAULT '0',
  `document_srl` bigint(11) DEFAULT '0',
  `title` varchar(255) DEFAULT NULL,
  `summary` varchar(255) DEFAULT NULL,
  `regdate` varchar(14) DEFAULT NULL
) ENGINE=MyISAM DEFAULT CHARSET=utf8;

-- --------------------------------------------------------

--
-- 테이블 구조 `yeonriji_tags`
--

CREATE TABLE `yeonriji_tags` (
  `tag_srl` bigint(11) NOT NULL,
  `module_srl` bigint(11) NOT NULL DEFAULT '0',
  `document_srl` bigint(11) NOT NULL DEFAULT '0',
  `tag` varchar(240) NOT NULL,
  `regdate` varchar(14) DEFAULT NULL
) ENGINE=MyISAM DEFAULT CHARSET=utf8;

-- --------------------------------------------------------

--
-- 테이블 구조 `yeonriji_trash`
--

CREATE TABLE `yeonriji_trash` (
  `trash_srl` bigint(11) NOT NULL,
  `title` varchar(250) DEFAULT NULL,
  `origin_module` varchar(250) NOT NULL DEFAULT 'document',
  `serialized_object` longtext NOT NULL,
  `description` text,
  `ipaddress` varchar(128) NOT NULL,
  `remover_srl` bigint(11) NOT NULL,
  `regdate` varchar(14) DEFAULT NULL
) ENGINE=MyISAM DEFAULT CHARSET=utf8;

--
-- 덤프된 테이블의 인덱스
--

--
-- 테이블의 인덱스 `yeonriji_action_forward`
--
ALTER TABLE `yeonriji_action_forward`
  ADD UNIQUE KEY `idx_foward` (`act`);

--
-- 테이블의 인덱스 `yeonriji_addons`
--
ALTER TABLE `yeonriji_addons`
  ADD PRIMARY KEY (`addon`),
  ADD KEY `idx_regdate` (`regdate`);

--
-- 테이블의 인덱스 `yeonriji_addons_site`
--
ALTER TABLE `yeonriji_addons_site`
  ADD UNIQUE KEY `unique_addon_site` (`site_srl`,`addon`),
  ADD KEY `idx_regdate` (`regdate`);

--
-- 테이블의 인덱스 `yeonriji_admin_favorite`
--
ALTER TABLE `yeonriji_admin_favorite`
  ADD PRIMARY KEY (`admin_favorite_srl`);

--
-- 테이블의 인덱스 `yeonriji_admin_log`
--
ALTER TABLE `yeonriji_admin_log`
  ADD KEY `idx_admin_ip` (`ipaddress`),
  ADD KEY `idx_admin_date` (`regdate`);

--
-- 테이블의 인덱스 `yeonriji_ai_installed_packages`
--
ALTER TABLE `yeonriji_ai_installed_packages`
  ADD KEY `idx_package_srl` (`package_srl`);

--
-- 테이블의 인덱스 `yeonriji_ai_remote_categories`
--
ALTER TABLE `yeonriji_ai_remote_categories`
  ADD PRIMARY KEY (`category_srl`),
  ADD KEY `idx_parent_srl` (`parent_srl`),
  ADD KEY `idx_list_order` (`list_order`);

--
-- 테이블의 인덱스 `yeonriji_autoinstall_packages`
--
ALTER TABLE `yeonriji_autoinstall_packages`
  ADD UNIQUE KEY `unique_path` (`path`),
  ADD KEY `idx_package_srl` (`package_srl`),
  ADD KEY `idx_category_srl` (`category_srl`),
  ADD KEY `idx_regdate` (`updatedate`);

--
-- 테이블의 인덱스 `yeonriji_comments`
--
ALTER TABLE `yeonriji_comments`
  ADD PRIMARY KEY (`comment_srl`),
  ADD UNIQUE KEY `idx_module_list_order` (`module_srl`,`list_order`),
  ADD KEY `idx_module_srl` (`module_srl`),
  ADD KEY `idx_document_srl` (`document_srl`),
  ADD KEY `idx_parent_srl` (`parent_srl`),
  ADD KEY `idx_voted_count` (`voted_count`),
  ADD KEY `idx_blamed_count` (`blamed_count`),
  ADD KEY `idx_member_srl` (`member_srl`),
  ADD KEY `idx_uploaded_count` (`uploaded_count`),
  ADD KEY `idx_regdate` (`regdate`),
  ADD KEY `idx_last_update` (`last_update`),
  ADD KEY `idx_ipaddress` (`ipaddress`),
  ADD KEY `idx_list_order` (`list_order`),
  ADD KEY `idx_status` (`status`);

--
-- 테이블의 인덱스 `yeonriji_comments_list`
--
ALTER TABLE `yeonriji_comments_list`
  ADD PRIMARY KEY (`comment_srl`),
  ADD KEY `idx_list` (`document_srl`,`head`,`arrange`),
  ADD KEY `idx_date` (`module_srl`,`regdate`);

--
-- 테이블의 인덱스 `yeonriji_comment_declared`
--
ALTER TABLE `yeonriji_comment_declared`
  ADD PRIMARY KEY (`comment_srl`),
  ADD KEY `idx_declared_count` (`declared_count`);

--
-- 테이블의 인덱스 `yeonriji_comment_declared_log`
--
ALTER TABLE `yeonriji_comment_declared_log`
  ADD KEY `idx_comment_srl` (`comment_srl`),
  ADD KEY `idx_member_srl` (`member_srl`),
  ADD KEY `idx_ipaddress` (`ipaddress`),
  ADD KEY `idx_regdate` (`regdate`);

--
-- 테이블의 인덱스 `yeonriji_comment_voted_log`
--
ALTER TABLE `yeonriji_comment_voted_log`
  ADD KEY `idx_comment_srl` (`comment_srl`),
  ADD KEY `idx_member_srl` (`member_srl`),
  ADD KEY `idx_ipaddress` (`ipaddress`),
  ADD KEY `idx_regdate` (`regdate`);

--
-- 테이블의 인덱스 `yeonriji_counter_log`
--
ALTER TABLE `yeonriji_counter_log`
  ADD KEY `idx_site_counter_log` (`site_srl`,`ipaddress`),
  ADD KEY `idx_counter_log` (`regdate`);

--
-- 테이블의 인덱스 `yeonriji_counter_site_status`
--
ALTER TABLE `yeonriji_counter_site_status`
  ADD UNIQUE KEY `site_status` (`site_srl`,`regdate`);

--
-- 테이블의 인덱스 `yeonriji_counter_status`
--
ALTER TABLE `yeonriji_counter_status`
  ADD PRIMARY KEY (`regdate`);

--
-- 테이블의 인덱스 `yeonriji_documents`
--
ALTER TABLE `yeonriji_documents`
  ADD PRIMARY KEY (`document_srl`),
  ADD KEY `idx_module_srl` (`module_srl`),
  ADD KEY `idx_category_srl` (`category_srl`),
  ADD KEY `idx_is_notice` (`is_notice`),
  ADD KEY `idx_readed_count` (`readed_count`),
  ADD KEY `idx_voted_count` (`voted_count`),
  ADD KEY `idx_blamed_count` (`blamed_count`),
  ADD KEY `idx_comment_count` (`comment_count`),
  ADD KEY `idx_trackback_count` (`trackback_count`),
  ADD KEY `idx_uploaded_count` (`uploaded_count`),
  ADD KEY `idx_member_srl` (`member_srl`),
  ADD KEY `idx_regdate` (`regdate`),
  ADD KEY `idx_last_update` (`last_update`),
  ADD KEY `idx_ipaddress` (`ipaddress`),
  ADD KEY `idx_list_order` (`list_order`),
  ADD KEY `idx_update_order` (`update_order`),
  ADD KEY `idx_module_list_order` (`module_srl`,`list_order`),
  ADD KEY `idx_module_update_order` (`module_srl`,`update_order`),
  ADD KEY `idx_module_readed_count` (`module_srl`,`readed_count`),
  ADD KEY `idx_module_voted_count` (`module_srl`,`voted_count`),
  ADD KEY `idx_module_notice` (`module_srl`,`is_notice`),
  ADD KEY `idx_module_document_srl` (`module_srl`,`document_srl`),
  ADD KEY `idx_module_blamed_count` (`module_srl`,`blamed_count`),
  ADD KEY `idx_module_status` (`module_srl`,`status`);

--
-- 테이블의 인덱스 `yeonriji_document_aliases`
--
ALTER TABLE `yeonriji_document_aliases`
  ADD PRIMARY KEY (`alias_srl`),
  ADD UNIQUE KEY `idx_module_title` (`module_srl`,`alias_title`),
  ADD KEY `idx_module_srl` (`module_srl`),
  ADD KEY `idx_document_srl` (`document_srl`),
  ADD KEY `idx_alias_title` (`alias_title`);

--
-- 테이블의 인덱스 `yeonriji_document_categories`
--
ALTER TABLE `yeonriji_document_categories`
  ADD PRIMARY KEY (`category_srl`),
  ADD KEY `idx_module_srl` (`module_srl`),
  ADD KEY `idx_regdate` (`regdate`);

--
-- 테이블의 인덱스 `yeonriji_document_declared`
--
ALTER TABLE `yeonriji_document_declared`
  ADD PRIMARY KEY (`document_srl`),
  ADD KEY `idx_declared_count` (`declared_count`);

--
-- 테이블의 인덱스 `yeonriji_document_declared_log`
--
ALTER TABLE `yeonriji_document_declared_log`
  ADD KEY `idx_document_srl` (`document_srl`),
  ADD KEY `idx_member_srl` (`member_srl`),
  ADD KEY `idx_ipaddress` (`ipaddress`),
  ADD KEY `idx_regdate` (`regdate`);

--
-- 테이블의 인덱스 `yeonriji_document_extra_keys`
--
ALTER TABLE `yeonriji_document_extra_keys`
  ADD UNIQUE KEY `unique_module_keys` (`module_srl`,`var_idx`);

--
-- 테이블의 인덱스 `yeonriji_document_extra_vars`
--
ALTER TABLE `yeonriji_document_extra_vars`
  ADD UNIQUE KEY `unique_extra_vars` (`module_srl`,`document_srl`,`var_idx`,`lang_code`),
  ADD KEY `idx_document_list_order` (`document_srl`,`module_srl`,`var_idx`);

--
-- 테이블의 인덱스 `yeonriji_document_histories`
--
ALTER TABLE `yeonriji_document_histories`
  ADD PRIMARY KEY (`history_srl`),
  ADD KEY `idx_module_srl` (`module_srl`),
  ADD KEY `idx_document_srl` (`document_srl`),
  ADD KEY `idx_regdate` (`regdate`),
  ADD KEY `idx_ipaddress` (`ipaddress`);

--
-- 테이블의 인덱스 `yeonriji_document_readed_log`
--
ALTER TABLE `yeonriji_document_readed_log`
  ADD KEY `idx_document_srl` (`document_srl`),
  ADD KEY `idx_member_srl` (`member_srl`),
  ADD KEY `idx_ipaddress` (`ipaddress`),
  ADD KEY `idx_regdate` (`regdate`);

--
-- 테이블의 인덱스 `yeonriji_document_trash`
--
ALTER TABLE `yeonriji_document_trash`
  ADD PRIMARY KEY (`trash_srl`),
  ADD KEY `idx_document_srl` (`document_srl`),
  ADD KEY `idx_module_srl` (`module_srl`),
  ADD KEY `idx_trash_date` (`trash_date`),
  ADD KEY `idx_ipaddress` (`ipaddress`),
  ADD KEY `idx_member_srl` (`member_srl`);

--
-- 테이블의 인덱스 `yeonriji_document_voted_log`
--
ALTER TABLE `yeonriji_document_voted_log`
  ADD KEY `idx_document_srl` (`document_srl`),
  ADD KEY `idx_member_srl` (`member_srl`),
  ADD KEY `idx_ipaddress` (`ipaddress`),
  ADD KEY `idx_regdate` (`regdate`);

--
-- 테이블의 인덱스 `yeonriji_editor_autosave`
--
ALTER TABLE `yeonriji_editor_autosave`
  ADD KEY `idx_member_srl` (`member_srl`),
  ADD KEY `idx_ipaddress` (`ipaddress`),
  ADD KEY `idx_module_srl` (`module_srl`),
  ADD KEY `idx_regdate` (`regdate`);

--
-- 테이블의 인덱스 `yeonriji_editor_components`
--
ALTER TABLE `yeonriji_editor_components`
  ADD PRIMARY KEY (`component_name`),
  ADD KEY `idx_list_order` (`list_order`);

--
-- 테이블의 인덱스 `yeonriji_editor_components_site`
--
ALTER TABLE `yeonriji_editor_components_site`
  ADD UNIQUE KEY `unique_component_site` (`site_srl`,`component_name`),
  ADD KEY `idx_list_order` (`list_order`);

--
-- 테이블의 인덱스 `yeonriji_files`
--
ALTER TABLE `yeonriji_files`
  ADD PRIMARY KEY (`file_srl`),
  ADD KEY `idx_upload_target_srl` (`upload_target_srl`),
  ADD KEY `idx_upload_target_type` (`upload_target_type`),
  ADD KEY `idx_module_srl` (`module_srl`),
  ADD KEY `idx_member_srl` (`member_srl`),
  ADD KEY `idx_download_count` (`download_count`),
  ADD KEY `idx_file_size` (`file_size`),
  ADD KEY `idx_is_valid` (`isvalid`),
  ADD KEY `idx_list_order` (`cover_image`),
  ADD KEY `idx_regdate` (`regdate`),
  ADD KEY `idx_ipaddress` (`ipaddress`);

--
-- 테이블의 인덱스 `yeonriji_lang`
--
ALTER TABLE `yeonriji_lang`
  ADD KEY `idx_lang` (`site_srl`,`name`,`lang_code`);

--
-- 테이블의 인덱스 `yeonriji_layouts`
--
ALTER TABLE `yeonriji_layouts`
  ADD PRIMARY KEY (`layout_srl`),
  ADD KEY `menu_site_srl` (`site_srl`),
  ADD KEY `idx_module_srl` (`module_srl`),
  ADD KEY `idx_regdate` (`regdate`);

--
-- 테이블의 인덱스 `yeonriji_member`
--
ALTER TABLE `yeonriji_member`
  ADD PRIMARY KEY (`member_srl`),
  ADD UNIQUE KEY `unique_user_id` (`user_id`),
  ADD UNIQUE KEY `unique_email_address` (`email_address`),
  ADD UNIQUE KEY `unique_nick_name` (`nick_name`),
  ADD KEY `idx_email_host` (`email_host`),
  ADD KEY `idx_allow_mailing` (`allow_mailing`),
  ADD KEY `idx_is_denied` (`denied`),
  ADD KEY `idx_regdate` (`regdate`),
  ADD KEY `idx_last_login` (`last_login`),
  ADD KEY `idx_is_admin` (`is_admin`),
  ADD KEY `idx_list_order` (`list_order`);

--
-- 테이블의 인덱스 `yeonriji_member_auth_mail`
--
ALTER TABLE `yeonriji_member_auth_mail`
  ADD UNIQUE KEY `unique_key` (`auth_key`,`member_srl`),
  ADD KEY `idx_regdate` (`regdate`);

--
-- 테이블의 인덱스 `yeonriji_member_autologin`
--
ALTER TABLE `yeonriji_member_autologin`
  ADD UNIQUE KEY `unique_key` (`autologin_key`,`member_srl`);

--
-- 테이블의 인덱스 `yeonriji_member_count_history`
--
ALTER TABLE `yeonriji_member_count_history`
  ADD PRIMARY KEY (`member_srl`),
  ADD KEY `idx_last_update` (`last_update`);

--
-- 테이블의 인덱스 `yeonriji_member_denied_nick_name`
--
ALTER TABLE `yeonriji_member_denied_nick_name`
  ADD PRIMARY KEY (`nick_name`);

--
-- 테이블의 인덱스 `yeonriji_member_denied_user_id`
--
ALTER TABLE `yeonriji_member_denied_user_id`
  ADD PRIMARY KEY (`user_id`),
  ADD KEY `idx_list_order` (`list_order`);

--
-- 테이블의 인덱스 `yeonriji_member_friend`
--
ALTER TABLE `yeonriji_member_friend`
  ADD PRIMARY KEY (`friend_srl`),
  ADD KEY `idx_friend_group_srl` (`friend_group_srl`),
  ADD KEY `idx_member_srl` (`member_srl`),
  ADD KEY `idx_target_srl` (`target_srl`),
  ADD KEY `idx_list_order` (`list_order`);

--
-- 테이블의 인덱스 `yeonriji_member_friend_group`
--
ALTER TABLE `yeonriji_member_friend_group`
  ADD PRIMARY KEY (`friend_group_srl`),
  ADD KEY `index_owner_member_srl` (`member_srl`);

--
-- 테이블의 인덱스 `yeonriji_member_group`
--
ALTER TABLE `yeonriji_member_group`
  ADD PRIMARY KEY (`group_srl`),
  ADD UNIQUE KEY `idx_site_title` (`site_srl`,`title`),
  ADD KEY `idx_list_order` (`list_order`);

--
-- 테이블의 인덱스 `yeonriji_member_group_member`
--
ALTER TABLE `yeonriji_member_group_member`
  ADD KEY `idx_site_srl` (`site_srl`),
  ADD KEY `idx_group_member` (`group_srl`,`member_srl`);

--
-- 테이블의 인덱스 `yeonriji_member_join_form`
--
ALTER TABLE `yeonriji_member_join_form`
  ADD PRIMARY KEY (`member_join_form_srl`),
  ADD KEY `idx_list_order` (`list_order`);

--
-- 테이블의 인덱스 `yeonriji_member_login_count`
--
ALTER TABLE `yeonriji_member_login_count`
  ADD KEY `idx_ipaddress` (`ipaddress`),
  ADD KEY `idx_regdate` (`regdate`),
  ADD KEY `idx_last_update` (`last_update`);

--
-- 테이블의 인덱스 `yeonriji_member_message`
--
ALTER TABLE `yeonriji_member_message`
  ADD PRIMARY KEY (`message_srl`),
  ADD KEY `idx_related_srl` (`related_srl`),
  ADD KEY `idx_sender_srl` (`sender_srl`),
  ADD KEY `idx_receiver_srl` (`receiver_srl`),
  ADD KEY `idx_list_order` (`list_order`);

--
-- 테이블의 인덱스 `yeonriji_member_scrap`
--
ALTER TABLE `yeonriji_member_scrap`
  ADD UNIQUE KEY `unique_scrap` (`member_srl`,`document_srl`),
  ADD KEY `idx_regdate` (`regdate`),
  ADD KEY `idx_list_order` (`list_order`);

--
-- 테이블의 인덱스 `yeonriji_menu`
--
ALTER TABLE `yeonriji_menu`
  ADD PRIMARY KEY (`menu_srl`),
  ADD KEY `menu_site_srl` (`site_srl`),
  ADD KEY `idx_title` (`title`),
  ADD KEY `idx_listorder` (`listorder`),
  ADD KEY `idx_regdate` (`regdate`);

--
-- 테이블의 인덱스 `yeonriji_menu_item`
--
ALTER TABLE `yeonriji_menu_item`
  ADD PRIMARY KEY (`menu_item_srl`),
  ADD KEY `idx_menu_srl` (`menu_srl`),
  ADD KEY `idx_listorder` (`listorder`),
  ADD KEY `idx_regdate` (`regdate`);

--
-- 테이블의 인덱스 `yeonriji_menu_layout`
--
ALTER TABLE `yeonriji_menu_layout`
  ADD PRIMARY KEY (`menu_srl`);

--
-- 테이블의 인덱스 `yeonriji_modules`
--
ALTER TABLE `yeonriji_modules`
  ADD PRIMARY KEY (`module_srl`),
  ADD UNIQUE KEY `idx_site_mid` (`site_srl`,`mid`),
  ADD KEY `idx_module` (`module`),
  ADD KEY `idx_module_category` (`module_category_srl`);

--
-- 테이블의 인덱스 `yeonriji_module_admins`
--
ALTER TABLE `yeonriji_module_admins`
  ADD UNIQUE KEY `unique_module_admin` (`module_srl`,`member_srl`),
  ADD KEY `idx_regdate` (`regdate`);

--
-- 테이블의 인덱스 `yeonriji_module_categories`
--
ALTER TABLE `yeonriji_module_categories`
  ADD PRIMARY KEY (`module_category_srl`),
  ADD KEY `idx_regdate` (`regdate`);

--
-- 테이블의 인덱스 `yeonriji_module_config`
--
ALTER TABLE `yeonriji_module_config`
  ADD PRIMARY KEY (`module`);

--
-- 테이블의 인덱스 `yeonriji_module_extra_vars`
--
ALTER TABLE `yeonriji_module_extra_vars`
  ADD UNIQUE KEY `unique_module_vars` (`module_srl`,`name`);

--
-- 테이블의 인덱스 `yeonriji_module_filebox`
--
ALTER TABLE `yeonriji_module_filebox`
  ADD PRIMARY KEY (`module_filebox_srl`),
  ADD KEY `idx_member_srl` (`member_srl`),
  ADD KEY `idx_fileextension` (`fileextension`);

--
-- 테이블의 인덱스 `yeonriji_module_grants`
--
ALTER TABLE `yeonriji_module_grants`
  ADD UNIQUE KEY `unique_module` (`module_srl`,`name`,`group_srl`);

--
-- 테이블의 인덱스 `yeonriji_module_locks`
--
ALTER TABLE `yeonriji_module_locks`
  ADD UNIQUE KEY `unique_lock_name` (`lock_name`),
  ADD KEY `idx_deadline` (`deadline`);

--
-- 테이블의 인덱스 `yeonriji_module_mobile_skins`
--
ALTER TABLE `yeonriji_module_mobile_skins`
  ADD UNIQUE KEY `unique_module_mobile_skins` (`module_srl`,`name`);

--
-- 테이블의 인덱스 `yeonriji_module_part_config`
--
ALTER TABLE `yeonriji_module_part_config`
  ADD KEY `idx_module_part_config` (`module`,`module_srl`);

--
-- 테이블의 인덱스 `yeonriji_module_skins`
--
ALTER TABLE `yeonriji_module_skins`
  ADD UNIQUE KEY `unique_module_skins` (`module_srl`,`name`);

--
-- 테이블의 인덱스 `yeonriji_module_trigger`
--
ALTER TABLE `yeonriji_module_trigger`
  ADD UNIQUE KEY `idx_trigger` (`trigger_name`,`called_position`,`module`,`type`,`called_method`);

--
-- 테이블의 인덱스 `yeonriji_module_update`
--
ALTER TABLE `yeonriji_module_update`
  ADD PRIMARY KEY (`update_id`);

--
-- 테이블의 인덱스 `yeonriji_point`
--
ALTER TABLE `yeonriji_point`
  ADD PRIMARY KEY (`member_srl`),
  ADD KEY `idx_point` (`point`);

--
-- 테이블의 인덱스 `yeonriji_poll`
--
ALTER TABLE `yeonriji_poll`
  ADD PRIMARY KEY (`poll_srl`),
  ADD KEY `idx_upload_target_srl` (`upload_target_srl`),
  ADD KEY `idx_member_srl` (`member_srl`),
  ADD KEY `idx_ipaddress` (`ipaddress`),
  ADD KEY `idx_regdate` (`regdate`),
  ADD KEY `idx_list_order` (`list_order`);

--
-- 테이블의 인덱스 `yeonriji_poll_item`
--
ALTER TABLE `yeonriji_poll_item`
  ADD PRIMARY KEY (`poll_item_srl`),
  ADD KEY `index_poll_srl` (`poll_srl`),
  ADD KEY `idx_poll_index_srl` (`poll_index_srl`),
  ADD KEY `idx_upload_target_srl` (`upload_target_srl`);

--
-- 테이블의 인덱스 `yeonriji_poll_log`
--
ALTER TABLE `yeonriji_poll_log`
  ADD KEY `idx_poll_srl` (`poll_srl`),
  ADD KEY `idx_member_srl` (`member_srl`),
  ADD KEY `idx_ipaddress` (`ipaddress`),
  ADD KEY `idx_regdate` (`regdate`);

--
-- 테이블의 인덱스 `yeonriji_poll_title`
--
ALTER TABLE `yeonriji_poll_title`
  ADD KEY `idx_poll_srl` (`poll_srl`,`poll_index_srl`),
  ADD KEY `idx_upload_target_srl` (`upload_target_srl`),
  ADD KEY `idx_member_srl` (`member_srl`),
  ADD KEY `idx_ipaddress` (`ipaddress`),
  ADD KEY `idx_regdate` (`regdate`),
  ADD KEY `idx_list_order` (`list_order`);

--
-- 테이블의 인덱스 `yeonriji_sequence`
--
ALTER TABLE `yeonriji_sequence`
  ADD PRIMARY KEY (`seq`);

--
-- 테이블의 인덱스 `yeonriji_session`
--
ALTER TABLE `yeonriji_session`
  ADD PRIMARY KEY (`session_key`),
  ADD KEY `idx_session_member_srl` (`member_srl`),
  ADD KEY `idx_session_expired` (`expired`),
  ADD KEY `idx_session_update` (`last_update`),
  ADD KEY `idx_session_cur_mid` (`cur_mid`),
  ADD KEY `idx_session_update_mid` (`member_srl`,`last_update`,`cur_mid`);

--
-- 테이블의 인덱스 `yeonriji_sites`
--
ALTER TABLE `yeonriji_sites`
  ADD PRIMARY KEY (`site_srl`),
  ADD UNIQUE KEY `unique_domain` (`domain`);

--
-- 테이블의 인덱스 `yeonriji_site_admin`
--
ALTER TABLE `yeonriji_site_admin`
  ADD UNIQUE KEY `idx_site_admin` (`site_srl`,`member_srl`);

--
-- 테이블의 인덱스 `yeonriji_spamfilter_denied_ip`
--
ALTER TABLE `yeonriji_spamfilter_denied_ip`
  ADD PRIMARY KEY (`ipaddress`),
  ADD KEY `idx_regdate` (`regdate`);

--
-- 테이블의 인덱스 `yeonriji_spamfilter_denied_word`
--
ALTER TABLE `yeonriji_spamfilter_denied_word`
  ADD PRIMARY KEY (`word`),
  ADD KEY `idx_hit` (`hit`),
  ADD KEY `idx_latest_hit` (`latest_hit`),
  ADD KEY `idx_regdate` (`regdate`);

--
-- 테이블의 인덱스 `yeonriji_spamfilter_log`
--
ALTER TABLE `yeonriji_spamfilter_log`
  ADD PRIMARY KEY (`spamfilter_log_srl`),
  ADD KEY `idx_ipaddress` (`ipaddress`),
  ADD KEY `idx_regdate` (`regdate`);

--
-- 테이블의 인덱스 `yeonriji_syndication_except_modules`
--
ALTER TABLE `yeonriji_syndication_except_modules`
  ADD PRIMARY KEY (`module_srl`);

--
-- 테이블의 인덱스 `yeonriji_syndication_logs`
--
ALTER TABLE `yeonriji_syndication_logs`
  ADD UNIQUE KEY `primary_key` (`log_srl`),
  ADD KEY `idx_regdate` (`regdate`);

--
-- 테이블의 인덱스 `yeonriji_tags`
--
ALTER TABLE `yeonriji_tags`
  ADD PRIMARY KEY (`tag_srl`),
  ADD KEY `idx_module_srl` (`module_srl`),
  ADD KEY `idx_document_srl` (`document_srl`),
  ADD KEY `idx_regdate` (`regdate`),
  ADD KEY `idx_tag` (`document_srl`,`tag`);

--
-- 테이블의 인덱스 `yeonriji_trash`
--
ALTER TABLE `yeonriji_trash`
  ADD PRIMARY KEY (`trash_srl`),
  ADD KEY `idx_regdate` (`regdate`);

--
-- 덤프된 테이블의 AUTO_INCREMENT
--

--
-- 테이블의 AUTO_INCREMENT `yeonriji_sequence`
--
ALTER TABLE `yeonriji_sequence`
  MODIFY `seq` bigint(64) NOT NULL AUTO_INCREMENT, AUTO_INCREMENT=409;
COMMIT;

/*!40101 SET CHARACTER_SET_CLIENT=@OLD_CHARACTER_SET_CLIENT */;
/*!40101 SET CHARACTER_SET_RESULTS=@OLD_CHARACTER_SET_RESULTS */;
/*!40101 SET COLLATION_CONNECTION=@OLD_COLLATION_CONNECTION */;
